title,year,length,budget,rating,votes,r1,r2,r3,r4,r5,r6,r7,r8,r9,r10,mpaa,Action,Animation,Comedy,Drama,Documentary,Romance,Short
Kill the Scream Queen,2004,74,5000,1.3,5,44.5,44.5,0,0,0,0,0,0,24.5,0,,0,0,0,0,0,0,0
Como Ser Solteiro,1998,95,NA,7.2,95,24.5,4.5,4.5,4.5,4.5,4.5,14.5,4.5,14.5,24.5,,0,0,1,0,0,0,0
Kampf um Rom II - Der Verrat,1969,84,NA,6.4,21,4.5,0,0,0,34.5,4.5,24.5,14.5,4.5,4.5,,0,0,0,1,0,0,0
28 minuti per 3 milioni di dollari,1967,90,NA,3.9,6,0,14.5,0,0,14.5,14.5,14.5,0,0,34.5,,0,0,0,0,0,0,0
Kochankowie mojej mamy,1986,81,NA,6.8,15,0,4.5,0,0,14.5,4.5,24.5,24.5,14.5,24.5,,0,0,0,1,0,0,0
Un crime au paradis,2001,89,NA,6.4,334,4.5,4.5,4.5,4.5,14.5,24.5,34.5,14.5,4.5,4.5,,0,0,1,0,0,0,0
"Wild McCullochs, The",1975,93,NA,4.4,29,24.5,4.5,14.5,0,14.5,14.5,14.5,14.5,4.5,4.5,,0,0,0,1,0,0,0
Eskimo Nell,1975,85,NA,4.7,19,4.5,24.5,0,14.5,14.5,14.5,24.5,14.5,0,4.5,,0,0,1,0,0,0,0
Voditel dlya Very,2004,105,3300000,7.7,182,4.5,0,4.5,0,4.5,4.5,14.5,24.5,24.5,24.5,,0,0,0,1,0,0,0
Full Blast,1997,91,NA,5.9,19,14.5,4.5,0,4.5,14.5,14.5,14.5,0,0,34.5,,1,0,0,0,0,0,0
"Goldbergs, The",1950,83,NA,3.4,12,14.5,4.5,4.5,4.5,4.5,4.5,4.5,14.5,0,14.5,,0,0,1,0,0,0,0
Beyond the Purple Hills,1950,69,NA,6.1,12,0,0,0,0,34.5,45.5,4.5,4.5,0,0,,0,0,0,0,0,0,0
Las que tienen que servir,1967,83,NA,3.9,20,4.5,14.5,24.5,14.5,14.5,14.5,4.5,0,4.5,24.5,,0,0,1,0,0,0,0
Chaindance,1990,109,NA,6.1,81,4.5,0,4.5,0,4.5,14.5,14.5,14.5,4.5,24.5,,0,0,0,1,0,0,0
Ni neibian jidian,2001,116,NA,7.2,668,4.5,4.5,4.5,4.5,4.5,14.5,14.5,14.5,14.5,14.5,,0,0,0,1,0,0,0
Frankenhooker,1990,85,2500000,5,520,4.5,4.5,4.5,14.5,4.5,14.5,14.5,14.5,4.5,14.5,,0,0,1,0,0,0,0
"Ni vu, ni connu",1958,95,NA,7.2,62,0,0,0,4.5,4.5,4.5,14.5,14.5,34.5,24.5,,0,0,1,0,0,0,0
Kruimeltje,1999,119,5000000,6.7,224,4.5,4.5,4.5,4.5,4.5,14.5,34.5,14.5,4.5,14.5,,0,0,0,1,0,0,0
Kino-pravda,1925,30,NA,6.3,14,0,0,0,4.5,14.5,24.5,34.5,4.5,0,14.5,,0,0,0,0,0,0,1
Swashbuckler,1976,101,NA,5.5,277,4.5,4.5,4.5,4.5,14.5,14.5,14.5,14.5,4.5,14.5,,0,0,0,0,0,0,0
"Wilby Conspiracy, The",1975,102,NA,6.4,182,4.5,4.5,4.5,4.5,4.5,24.5,34.5,14.5,4.5,4.5,,0,0,0,0,0,0,0
Red Betsy,2003,98,NA,7.1,44,4.5,14.5,4.5,0,4.5,4.5,14.5,14.5,14.5,24.5,PG,0,0,0,1,0,1,0
Einstein's Playground,2003,17,NA,5,17,0,4.5,0,14.5,4.5,14.5,0,4.5,14.5,34.5,,0,0,0,0,0,0,1
Innsmouth Legacy,2004,10,1000,6.4,8,24.5,0,14.5,0,0,0,0,24.5,0,34.5,,0,0,0,1,0,0,1
"Flesh Eaters, The",1964,87,NA,5.1,70,4.5,4.5,4.5,4.5,14.5,14.5,4.5,14.5,4.5,24.5,,0,0,0,0,0,0,0
South of Reno,1988,97,NA,3.6,32,14.5,14.5,4.5,14.5,14.5,0,14.5,4.5,0,24.5,,0,0,0,1,0,0,0
Rawhide,1951,87,NA,6.7,144,0,0,4.5,4.5,4.5,24.5,24.5,24.5,4.5,4.5,,0,0,0,0,0,0,0
Romeo and Juliet,1966,124,NA,6.3,49,4.5,0,4.5,4.5,14.5,14.5,14.5,14.5,14.5,14.5,,0,0,0,0,0,0,0
Crossroads,1986,96,NA,6.3,1489,4.5,4.5,4.5,4.5,4.5,14.5,24.5,14.5,4.5,14.5,,0,0,0,1,0,0,0
Life Is Cheap... But Toilet Paper Is Expensive,1989,89,NA,5.1,31,4.5,4.5,4.5,4.5,4.5,14.5,4.5,14.5,4.5,14.5,,0,0,1,0,0,0,0
Cool Runnings,1993,98,NA,6.3,7593,4.5,4.5,4.5,4.5,14.5,24.5,24.5,14.5,4.5,4.5,,0,0,1,0,0,0,0
"Destino no tiene favoritos, El",2003,90,NA,8,22,0,0,0,4.5,4.5,4.5,14.5,24.5,14.5,24.5,,0,0,1,0,0,1,0
Comedy's Dirtiest Dozen,1988,97,NA,4.6,39,14.5,4.5,4.5,4.5,14.5,4.5,14.5,4.5,4.5,24.5,,0,0,1,0,0,0,0
Amplifier,1999,10,NA,5.3,29,14.5,0,0,14.5,4.5,4.5,24.5,14.5,14.5,24.5,,0,0,0,0,0,0,1
Night Time in Nevada,1948,67,NA,5.7,6,0,0,0,0,14.5,34.5,14.5,0,14.5,14.5,,0,0,0,0,0,0,0
Evil Alien Conquerors,2002,89,500000,3.8,111,14.5,4.5,14.5,4.5,4.5,4.5,4.5,4.5,4.5,14.5,PG-13,0,0,1,0,0,0,0
She Couldn't Take It,1935,77,NA,7.9,6,0,0,0,0,14.5,0,14.5,34.5,34.5,0,,0,0,1,0,0,0,0
"Island of Dr. Moreau, The",1996,99,40000000,4,5983,14.5,14.5,14.5,14.5,14.5,14.5,4.5,4.5,4.5,4.5,PG-13,0,0,0,0,0,0,0
"Line King: The Al Hirschfeld Story, The",1996,86,NA,7.2,60,4.5,4.5,4.5,4.5,4.5,4.5,24.5,34.5,4.5,24.5,,0,0,0,0,1,0,0
Jesse James Rides Again,1947,180,NA,6.9,12,0,4.5,0,4.5,4.5,4.5,24.5,24.5,4.5,4.5,,0,0,0,0,0,0,0
Victor/Victoria,1982,132,NA,7.3,3487,4.5,4.5,4.5,4.5,4.5,14.5,14.5,24.5,14.5,14.5,,0,0,1,0,0,1,0
"War Lover, The",1962,105,NA,6.3,150,4.5,0,4.5,4.5,4.5,24.5,24.5,14.5,4.5,14.5,,0,0,0,1,0,0,0
Notre Dame de la Croisette,1981,53,NA,5.5,11,4.5,4.5,4.5,14.5,0,0,24.5,4.5,0,14.5,,0,0,0,1,1,0,0
I Love You Again,1940,99,NA,7.4,276,0,4.5,4.5,4.5,4.5,14.5,24.5,34.5,14.5,14.5,,0,0,1,1,0,0,0
Maciste all'inferno,1962,88,NA,4.1,47,4.5,14.5,4.5,14.5,14.5,24.5,4.5,4.5,0,14.5,,0,0,0,0,0,0,0
"Periwig-Maker, The",1999,15,NA,6.9,116,4.5,4.5,0,4.5,4.5,14.5,24.5,24.5,14.5,14.5,,0,1,0,1,0,0,1
They Went That-A-Way & That-A-Way,1979,95,NA,3.9,50,4.5,4.5,24.5,14.5,4.5,24.5,14.5,4.5,4.5,4.5,,0,0,1,0,0,0,0
Jerry and Jumbo,1953,7,NA,7.3,33,4.5,4.5,0,0,4.5,4.5,34.5,24.5,4.5,4.5,,0,1,1,0,0,0,1
"Bug Parade, The",1941,6,NA,5.9,11,0,0,0,0,34.5,4.5,34.5,4.5,0,4.5,,0,1,1,0,0,0,1
Aller simple pour Manhattan,2002,78,NA,7.4,29,14.5,4.5,0,4.5,0,4.5,24.5,34.5,0,24.5,,0,0,1,1,0,1,0
Seraglio,2000,14,NA,6.8,34,14.5,4.5,0,0,4.5,14.5,24.5,14.5,4.5,24.5,,0,0,1,0,0,1,1
Escape in the Fog,1945,65,NA,6.3,17,0,0,4.5,14.5,14.5,24.5,14.5,14.5,0,0,,0,0,0,1,0,0,0
Yellowstone,1994,32,NA,6.4,24,14.5,0,4.5,4.5,24.5,4.5,24.5,4.5,4.5,4.5,,0,0,0,0,1,0,1
Stop the World: I Want to Get Off,1966,100,NA,5.3,32,4.5,4.5,4.5,4.5,4.5,4.5,24.5,14.5,14.5,14.5,,0,0,0,0,0,0,0
Lazy Sunday Afternoon,1999,10,NA,5.5,13,0,0,0,4.5,34.5,0,34.5,14.5,0,4.5,,0,1,0,0,0,0,1
Joyride,1996,93,NA,5.3,341,4.5,4.5,4.5,14.5,14.5,14.5,14.5,4.5,4.5,14.5,R,0,0,0,1,0,0,0
Cul de Sac: A Suburban War Story,2002,55,NA,6.2,24,4.5,0,4.5,4.5,0,4.5,24.5,24.5,14.5,14.5,,0,0,0,0,1,0,0
Joe,1970,102,106000,6.6,361,4.5,4.5,4.5,4.5,4.5,14.5,14.5,24.5,14.5,14.5,,0,0,0,1,0,0,0
Jackals,1986,97,NA,4.8,31,4.5,4.5,4.5,14.5,24.5,14.5,4.5,4.5,4.5,4.5,,1,0,0,0,0,0,0
Macumba Love,1960,86,NA,3.4,12,14.5,4.5,14.5,14.5,4.5,4.5,4.5,0,0,14.5,,0,0,0,0,0,0,0
"Cielo cade, Il",2000,102,NA,5.6,79,4.5,4.5,4.5,4.5,14.5,14.5,14.5,24.5,4.5,14.5,,0,0,0,1,0,0,0
Beyond Reason,1977,88,NA,4.3,15,24.5,4.5,4.5,24.5,0,24.5,0,4.5,4.5,4.5,,0,0,0,1,0,0,0
"Grito en el cielo, El",1998,101,NA,7,44,4.5,4.5,4.5,4.5,14.5,14.5,4.5,24.5,14.5,14.5,,0,0,1,0,0,0,0
"Aria serena dell'ovest, L'",1990,110,NA,6.3,32,4.5,4.5,4.5,4.5,4.5,4.5,24.5,24.5,14.5,4.5,,0,0,1,0,0,0,0
Dupont-Lajoie,1975,100,NA,7.4,98,0,4.5,0,4.5,4.5,14.5,24.5,24.5,24.5,4.5,,0,0,0,1,0,0,0
Pals of the Saddle,1938,55,NA,4.4,50,4.5,4.5,4.5,14.5,24.5,24.5,4.5,4.5,4.5,4.5,,0,0,0,0,0,0,0
Johnny cien pesos,1993,90,NA,6.7,111,4.5,4.5,4.5,4.5,4.5,14.5,14.5,24.5,24.5,14.5,,1,0,0,1,0,0,0
"Souvenirs des Herrn X, Die",2004,102,NA,7.3,8,14.5,0,0,0,0,0,14.5,24.5,0,45.5,,0,0,0,0,1,0,0
"Taming of Rebecca, The",1982,76,NA,4.9,8,0,14.5,0,0,0,0,14.5,14.5,24.5,34.5,,0,0,0,0,0,0,0
Bimbo's Express,1931,7,NA,6,8,0,0,0,0,34.5,34.5,14.5,14.5,0,0,,0,1,0,0,0,0,1
Lionheart,1990,105,2500000,5.1,2123,4.5,4.5,4.5,14.5,14.5,14.5,14.5,4.5,4.5,14.5,,1,0,0,0,0,0,0
Hollywood Extra Girl,1935,11,NA,5.9,13,0,0,0,4.5,4.5,45.5,4.5,24.5,0,0,,0,0,0,0,1,0,1
"Tattooed Stranger, The",1950,64,124000,6.5,61,4.5,4.5,4.5,4.5,14.5,24.5,14.5,14.5,4.5,4.5,,0,0,0,1,0,0,0
Tomo,2003,20,NA,7.9,10,0,0,0,0,14.5,0,24.5,44.5,34.5,0,,0,0,0,0,0,0,1
Circuit,1995,20,NA,6.4,5,24.5,0,0,0,0,24.5,24.5,24.5,0,24.5,,0,0,0,0,0,0,1
Ayam El-Sadat,2001,165,NA,7.2,42,0,0,0,4.5,4.5,4.5,24.5,14.5,14.5,44.5,,1,0,0,1,0,0,0
Riddles of the Sphinx,1977,92,NA,5.5,8,14.5,24.5,0,0,0,14.5,24.5,0,14.5,14.5,,0,0,0,0,0,0,0
Mughal-E-Azam,1960,173,NA,6.9,138,4.5,0,0,0,0,4.5,4.5,14.5,14.5,64.5,,0,0,0,1,0,1,0
"Psychopath, The",1975,84,NA,4.2,16,4.5,14.5,0,0,14.5,14.5,24.5,4.5,4.5,14.5,,0,0,0,0,0,0,0
De Artificiali Perspectiva,1991,15,NA,7.7,47,0,0,4.5,0,4.5,4.5,24.5,24.5,14.5,24.5,,0,0,0,0,0,0,1
Worse,2003,13,NA,7.8,6,0,0,0,0,14.5,0,14.5,34.5,14.5,14.5,,0,0,0,1,0,0,1
Toy Soldiers,1999,7,NA,6.1,47,0,4.5,4.5,4.5,4.5,24.5,14.5,14.5,14.5,4.5,,0,0,1,0,0,0,1
T.N.T. Jackson,1975,72,NA,3.7,63,4.5,4.5,14.5,14.5,14.5,4.5,14.5,4.5,4.5,4.5,,1,0,0,1,0,0,0
South Sea Woman,1953,99,NA,6.2,39,4.5,0,0,4.5,4.5,34.5,14.5,14.5,4.5,24.5,,0,0,1,0,0,0,0
Gentleman's Bet,1995,90,NA,5.8,29,4.5,4.5,14.5,14.5,4.5,4.5,14.5,14.5,0,34.5,R,0,0,0,1,0,0,0
Man in the Wilderness,1971,104,NA,6.3,203,4.5,4.5,4.5,4.5,4.5,14.5,24.5,14.5,14.5,14.5,,0,0,0,0,0,0,0
Coil Winding Machines,1904,2,NA,3.6,13,4.5,14.5,4.5,34.5,14.5,4.5,4.5,0,0,0,,0,0,0,0,0,0,1
Trick or Tweet,1959,7,NA,6.6,17,0,0,0,0,24.5,14.5,34.5,14.5,0,14.5,,0,1,1,0,0,0,1
"Devil's Triangle, The",1974,52,NA,5.8,28,14.5,4.5,4.5,0,24.5,14.5,4.5,14.5,14.5,14.5,,0,0,0,0,1,0,0
Ever After,1998,121,26000000,7,10250,4.5,4.5,4.5,4.5,4.5,14.5,14.5,14.5,14.5,24.5,PG,0,0,1,1,0,1,0
Louvre Come Back to Me!,1962,6,NA,7.2,34,0,4.5,0,0,4.5,24.5,14.5,14.5,14.5,24.5,,0,1,1,0,0,0,1
Girl on the Run,1958,77,NA,7.7,10,0,0,0,0,14.5,14.5,14.5,0,14.5,64.5,,0,0,0,1,0,0,0
Bucking Broncho,1894,1,NA,4.6,30,0,0,24.5,24.5,14.5,14.5,24.5,4.5,0,0,,0,0,0,0,1,0,1
"Pecador impecable, El",1987,87,NA,4.9,6,0,0,0,14.5,34.5,14.5,34.5,0,0,0,,0,0,1,0,0,0,0
Obsession,1976,94,1400000,6.9,924,4.5,4.5,4.5,4.5,4.5,14.5,24.5,24.5,14.5,14.5,,0,0,0,1,0,0,0
Cologne,2004,20,NA,7.9,12,0,0,0,0,14.5,4.5,44.5,14.5,0,14.5,,0,0,0,0,0,0,1
"Inventing Grace, Touching Glory",2003,84,NA,7.3,11,4.5,0,0,0,4.5,0,14.5,34.5,14.5,4.5,,0,0,0,0,1,0,0
"Petit poucet, Le",2001,91,NA,5.4,215,4.5,4.5,4.5,14.5,14.5,14.5,14.5,4.5,4.5,4.5,,0,0,0,1,0,0,0
Blondie Goes Latin,1941,72,NA,6.2,36,0,4.5,4.5,4.5,14.5,14.5,24.5,24.5,14.5,4.5,,0,0,1,0,0,0,0
Fake ID,2003,86,100000,3.6,41,4.5,24.5,4.5,4.5,4.5,4.5,4.5,4.5,4.5,14.5,,0,0,1,0,0,0,0
They Eat Scum,1979,73,NA,2.1,20,14.5,4.5,4.5,4.5,0,4.5,0,14.5,14.5,44.5,,0,0,0,0,0,0,0
Public Cowboy No. 1,1937,53,NA,6.6,15,0,4.5,0,0,14.5,14.5,24.5,24.5,14.5,0,,0,0,0,0,0,0,0
Golden Apples of the Sun,1973,80,NA,1.8,29,64.5,24.5,4.5,0,0,0,4.5,0,0,4.5,,0,0,0,1,0,0,0
Young Bride,1932,76,NA,5.9,39,0,4.5,4.5,4.5,4.5,14.5,44.5,14.5,4.5,4.5,,0,0,0,1,0,0,0
Voyage of the Rock Aliens,1988,97,NA,3.1,76,24.5,4.5,4.5,4.5,4.5,4.5,4.5,14.5,4.5,24.5,,0,0,1,0,0,0,0
Letters from the East,1996,110,NA,7.1,15,0,0,0,4.5,0,0,4.5,24.5,14.5,45.5,,0,0,0,1,0,0,0
His Highness Abdullah,1990,156,NA,9.5,6,0,0,0,0,0,0,0,14.5,14.5,64.5,,0,0,0,0,0,0,0
"Old Man and the Studio, The",2004,12,15000,7.8,8,0,14.5,0,0,14.5,0,0,14.5,34.5,24.5,,0,0,1,0,0,0,1
Stephen Tobolowsky's Birthday Party,2005,87,NA,8.3,15,4.5,0,0,0,0,0,0,24.5,14.5,45.5,,0,0,0,0,0,0,0
Clown Princes,1939,11,21243,6.5,9,0,0,0,0,24.5,14.5,64.5,0,0,0,,0,0,1,0,0,0,1
Children Shouldn't Play with Dead Things,1972,87,70000,4.4,413,4.5,4.5,4.5,4.5,14.5,14.5,4.5,14.5,4.5,14.5,,0,0,0,0,0,0,0
Gameui beobjig,1994,110,NA,4.5,8,34.5,0,0,24.5,0,0,34.5,0,0,0,,1,0,0,0,0,0,0
Witchcraft II: The Temptress,1992,88,NA,2.6,57,24.5,4.5,14.5,14.5,14.5,4.5,4.5,4.5,0,4.5,,0,0,0,0,0,0,0
Private Property,1960,79,NA,4.8,10,0,14.5,0,0,14.5,24.5,24.5,14.5,14.5,24.5,,0,0,0,1,0,0,0
"Avare, L'",1980,105,NA,6.3,245,4.5,4.5,4.5,4.5,4.5,24.5,24.5,14.5,4.5,14.5,,0,0,1,0,0,0,0
Pink Floyd The Wall,1982,95,NA,7.5,9567,4.5,4.5,4.5,4.5,4.5,4.5,14.5,14.5,14.5,34.5,,0,0,0,1,0,0,0
Sherlock Holmes und die sieben Zwerge,1994,85,NA,1.2,7,74.5,14.5,14.5,0,0,0,0,0,0,0,,0,0,0,0,0,0,0
"Black Windmill, The",1974,106,NA,6,197,4.5,4.5,4.5,4.5,14.5,34.5,24.5,4.5,4.5,4.5,,0,0,0,0,0,0,0
King Kong Lives,1986,105,NA,3.1,529,24.5,14.5,14.5,14.5,4.5,4.5,4.5,4.5,4.5,4.5,,0,0,0,0,0,0,0
"Search for Signs of Inteligent Life in the Universe, The",1991,120,NA,7.1,61,4.5,4.5,4.5,4.5,4.5,4.5,14.5,14.5,4.5,34.5,,0,0,0,0,0,0,0
Make Mine Mink,1960,100,NA,6.2,132,4.5,4.5,4.5,4.5,4.5,14.5,24.5,14.5,4.5,24.5,,0,0,1,0,0,0,0
"Trucido e lo sbirro, Il",1976,90,NA,5.4,28,0,0,0,4.5,4.5,24.5,24.5,14.5,0,24.5,,0,0,0,1,0,0,0
Bikini Island,1991,85,NA,3,133,14.5,4.5,4.5,4.5,4.5,0,4.5,4.5,4.5,45.5,,0,0,0,0,0,0,0
"Last Waltz, The",1978,117,NA,7.8,2314,4.5,4.5,4.5,4.5,4.5,4.5,14.5,24.5,14.5,24.5,,0,0,0,0,1,0,0
Zhao xiansheng,1998,89,NA,6.2,10,0,0,0,0,14.5,24.5,24.5,34.5,14.5,14.5,,0,0,0,0,0,0,0
"Ercole, Sansone, Maciste e Ursus gli invincibili",1964,100,NA,6.3,6,0,0,0,14.5,0,34.5,0,14.5,14.5,14.5,,1,0,1,0,0,0,0
Hitokiri,1969,140,NA,6.3,23,0,0,0,4.5,4.5,4.5,4.5,14.5,34.5,34.5,,1,0,0,1,0,0,0
Termini Station,1989,108,NA,5.8,35,14.5,4.5,0,4.5,14.5,4.5,14.5,4.5,14.5,24.5,,0,0,0,1,0,0,0
Tiffany Jones,1973,90,NA,3.7,26,4.5,4.5,14.5,4.5,24.5,4.5,4.5,0,4.5,14.5,,0,0,1,0,0,0,0
Montenegro,1981,96,NA,6.6,373,4.5,4.5,4.5,4.5,4.5,14.5,24.5,24.5,14.5,14.5,,0,0,1,1,0,0,0
Beyond the Poseidon Adventure,1979,114,NA,4.4,956,14.5,14.5,14.5,14.5,14.5,4.5,4.5,4.5,4.5,4.5,,1,0,0,1,0,0,0
Liam,2000,90,NA,6.9,741,4.5,4.5,4.5,4.5,4.5,14.5,34.5,24.5,14.5,4.5,R,0,0,0,1,0,0,0
Sheep Dog,1949,7,NA,5.1,16,4.5,4.5,14.5,14.5,14.5,14.5,14.5,4.5,0,4.5,,0,1,1,0,0,0,1
Festival in Cannes,2001,100,NA,6.4,207,4.5,4.5,4.5,4.5,14.5,24.5,24.5,14.5,4.5,4.5,PG-13,0,0,1,0,0,0,0
"Mortal Storm, The",1940,100,NA,7.8,456,4.5,4.5,4.5,4.5,4.5,4.5,14.5,24.5,24.5,24.5,,0,0,0,1,0,0,0
Bikini Drive-In,1995,86,NA,3.7,123,4.5,14.5,14.5,14.5,14.5,4.5,4.5,4.5,4.5,14.5,R,0,0,1,0,0,0,0
Bookies,2003,88,NA,5.5,208,4.5,4.5,4.5,4.5,14.5,24.5,14.5,4.5,4.5,4.5,R,0,0,1,1,0,0,0
Feelings,1977,93,NA,7.3,5,0,0,0,0,24.5,0,0,44.5,24.5,24.5,,0,0,0,0,0,0,0
Kabale und Liebe,1959,111,NA,7,5,0,0,24.5,0,0,24.5,0,44.5,0,24.5,,0,0,0,0,0,0,0
Battle of the Coral Sea,1959,86,NA,6.5,36,0,0,4.5,4.5,14.5,14.5,34.5,14.5,14.5,4.5,,1,0,0,1,0,1,0
"Car 54, Where Are You?",1994,89,NA,2.3,588,44.5,14.5,4.5,4.5,4.5,4.5,4.5,4.5,4.5,4.5,,0,0,1,0,0,0,0
Drive-in Movie Memories,2001,57,225000,8.3,6,0,0,0,0,14.5,0,0,14.5,45.5,14.5,,0,0,0,0,1,0,0
Soleil O,1967,98,NA,8.9,9,0,0,0,0,0,14.5,14.5,14.5,14.5,45.5,,0,0,0,0,1,0,0
Sternenberg,2004,90,NA,6.5,26,0,4.5,4.5,4.5,4.5,24.5,14.5,14.5,14.5,14.5,,0,0,1,0,0,1,0
Balls Bluff,1961,24,NA,1,11,84.5,0,0,0,14.5,0,0,0,0,0,,0,0,0,0,0,0,1
Brooms,1995,16,NA,9.2,11,0,0,0,0,4.5,4.5,0,4.5,4.5,64.5,,0,0,0,0,0,0,1
"Bird's-Eye View of Dock Front, Galveston",1900,1,NA,3.4,8,0,14.5,64.5,24.5,0,0,0,0,0,0,,0,0,0,0,1,0,1
Innerspace,1987,120,NA,6.4,7354,4.5,4.5,4.5,4.5,14.5,24.5,34.5,14.5,4.5,4.5,,1,0,1,0,0,0,0
"Alien Factor, The",1977,80,NA,4.2,61,24.5,4.5,4.5,4.5,14.5,14.5,4.5,4.5,4.5,14.5,,0,0,0,0,0,0,0
Rugrats Go Wild!,2003,81,25000000,4.8,423,14.5,4.5,4.5,14.5,14.5,14.5,4.5,4.5,4.5,14.5,PG,0,1,1,0,0,0,0
"Lonely Passion of Judith Hearne, The",1987,110,NA,7.2,130,4.5,4.5,4.5,4.5,4.5,4.5,24.5,24.5,14.5,14.5,,0,0,0,1,0,0,0
Takin' It Back to the Streets,1998,135,NA,8.6,15,14.5,0,0,0,0,0,0,4.5,4.5,74.5,,1,0,1,0,0,0,0
"Jester, The",1937,90,NA,6.6,9,14.5,0,0,0,24.5,14.5,14.5,24.5,0,24.5,,0,0,0,0,0,0,0
Rare Exports Inc.,2003,7,NA,7.6,32,0,0,0,0,0,4.5,4.5,14.5,24.5,44.5,,1,0,1,0,0,0,1
Tape,2001,86,NA,7.2,2976,4.5,4.5,4.5,4.5,4.5,4.5,24.5,34.5,14.5,14.5,R,0,0,0,1,0,0,0
Sex Madness,1938,57,NA,2.9,30,4.5,14.5,44.5,14.5,14.5,4.5,0,4.5,4.5,14.5,,0,0,0,1,0,0,0
Encounter at Raven's Gate,1988,94,NA,4.1,62,4.5,4.5,4.5,24.5,14.5,4.5,14.5,4.5,4.5,4.5,,0,0,0,1,0,0,0
Olympia,1998,76,NA,4,24,4.5,0,14.5,0,0,4.5,14.5,4.5,4.5,44.5,,0,0,0,0,0,0,0
Futter,1996,5,NA,8.3,14,0,0,0,14.5,0,0,4.5,0,44.5,34.5,,0,1,0,0,0,0,1
"Time of Their Lives, The",1946,82,NA,7.7,376,4.5,4.5,4.5,4.5,4.5,4.5,14.5,24.5,14.5,34.5,,0,0,1,0,0,0,0
Enemy,1996,92,NA,2.7,6,64.5,0,0,0,14.5,0,14.5,0,0,0,,1,0,0,1,0,0,0
Anthony's Desire,1993,90,NA,3.2,37,24.5,4.5,14.5,4.5,14.5,4.5,4.5,4.5,4.5,14.5,,0,0,0,1,0,0,0
"Separation, The",2003,9,NA,7,19,4.5,4.5,0,0,4.5,14.5,14.5,14.5,24.5,14.5,,0,1,0,1,0,0,1
Big,1988,104,18000000,7.2,18660,4.5,4.5,4.5,4.5,4.5,14.5,24.5,24.5,14.5,4.5,,0,0,1,0,0,0,0
Staying Together,1989,80,NA,5.5,144,4.5,4.5,4.5,4.5,14.5,14.5,14.5,14.5,4.5,14.5,,0,0,1,1,0,0,0
Savage Island,2003,92,NA,6.8,44,4.5,4.5,4.5,4.5,4.5,14.5,14.5,24.5,4.5,4.5,R,0,0,0,0,0,0,0
Drop Back Ten,2000,93,600000,4.8,30,14.5,4.5,14.5,0,0,14.5,14.5,4.5,4.5,24.5,,0,0,1,1,0,0,0
Parking,2003,5,NA,6.7,49,0,4.5,4.5,4.5,14.5,14.5,24.5,14.5,14.5,14.5,,0,1,1,0,0,0,1
Def-Con 4,1985,88,NA,3.6,296,24.5,14.5,14.5,14.5,14.5,4.5,4.5,4.5,4.5,4.5,,0,0,0,0,0,0,0
Show Boat,1951,107,2295429,7,665,4.5,4.5,4.5,4.5,4.5,14.5,24.5,24.5,14.5,14.5,,0,0,0,1,0,1,0
Rengeteg,2003,90,NA,6.9,77,4.5,4.5,4.5,4.5,4.5,4.5,14.5,14.5,14.5,24.5,,0,0,0,1,0,0,0
"Wild North, The",1952,97,NA,5.8,74,0,0,4.5,4.5,14.5,14.5,14.5,14.5,4.5,14.5,,0,0,0,0,0,0,0
Brother Bear,2003,85,NA,6.6,3780,4.5,4.5,4.5,4.5,4.5,14.5,24.5,14.5,4.5,14.5,,0,1,0,1,0,0,0
"Master Race, The",1944,95,NA,6,26,0,0,0,4.5,14.5,44.5,24.5,4.5,4.5,4.5,,0,0,0,1,0,0,0
Victory,1995,99,NA,5.8,104,0,4.5,4.5,4.5,14.5,14.5,24.5,4.5,14.5,14.5,R,0,0,0,1,0,1,0
Sky Bandits,1986,95,18000000,3.8,29,24.5,4.5,4.5,4.5,4.5,14.5,4.5,14.5,0,24.5,,1,0,0,0,0,0,0
"Vendetta di Ursus, La",1961,98,NA,5.2,5,0,0,0,0,44.5,64.5,0,0,0,0,,1,0,0,1,0,0,0
Magnetism,2004,3,NA,6.5,8,0,0,14.5,0,24.5,14.5,0,14.5,14.5,24.5,,0,1,0,0,0,1,1
Une partie de campagne,1936,40,NA,8.5,297,4.5,4.5,4.5,4.5,4.5,4.5,14.5,14.5,24.5,34.5,,0,0,0,1,0,1,1
"Wasp Woman, The",1960,73,50000,4.2,297,4.5,4.5,14.5,14.5,14.5,14.5,4.5,4.5,4.5,14.5,,0,0,0,0,0,0,0
"Urlo, L'",1970,93,NA,6.5,6,0,0,14.5,0,0,0,14.5,0,14.5,45.5,,0,0,0,0,0,0,0
Dead Meat,2004,80,NA,7.8,28,4.5,4.5,0,4.5,0,0,14.5,24.5,14.5,34.5,,1,0,1,0,0,0,0
Faithful,1910,17,NA,6.1,9,14.5,0,0,0,34.5,14.5,24.5,0,14.5,14.5,,0,0,0,1,0,0,1
Undercover Heat,1995,93,NA,5.5,148,4.5,4.5,4.5,4.5,4.5,4.5,14.5,4.5,14.5,24.5,R,0,0,0,0,0,0,0
"Enraged New World, An",2002,50,3500,8.9,25,24.5,4.5,0,0,0,4.5,4.5,4.5,4.5,44.5,,1,0,0,0,0,0,0
Wu dun ren shu,1982,107,NA,7.9,153,4.5,4.5,4.5,4.5,4.5,4.5,14.5,14.5,14.5,44.5,,1,0,0,1,0,0,0
Signal 30,1959,28,NA,6,8,14.5,0,0,14.5,0,14.5,24.5,24.5,14.5,0,,0,0,0,0,1,0,1
Paris Is Burning,1990,71,500000,7,340,4.5,4.5,4.5,4.5,4.5,4.5,14.5,24.5,14.5,24.5,,0,0,0,0,1,0,0
It's a Bird,1930,14,NA,9.1,12,4.5,0,0,0,0,0,4.5,14.5,14.5,45.5,,0,0,0,0,0,0,0
North from the Lone Star,1941,58,NA,6.1,6,0,0,0,14.5,14.5,45.5,14.5,0,0,0,,0,0,0,0,0,0,0
Invitation to Hell,1982,74,NA,2.2,9,34.5,0,24.5,0,14.5,14.5,0,14.5,0,14.5,,0,0,0,0,0,0,0
Her Majesty,2001,105,NA,8.1,70,0,4.5,0,0,0,4.5,4.5,14.5,24.5,44.5,PG,0,0,0,0,0,0,0
Kennedy et moi,1999,86,NA,6.8,219,4.5,4.5,4.5,4.5,4.5,24.5,24.5,24.5,14.5,4.5,,0,0,1,0,0,0,0
Fogbound,2002,97,NA,5.2,52,4.5,0,4.5,14.5,14.5,14.5,4.5,4.5,4.5,24.5,,0,0,0,1,0,0,0
"Novicia rebelde, La",1971,92,NA,5.4,5,0,0,0,24.5,0,0,0,24.5,24.5,44.5,,0,0,0,0,0,0,0
Sensuela,1973,104,NA,5,26,14.5,4.5,4.5,14.5,4.5,4.5,4.5,14.5,14.5,4.5,,0,0,0,1,0,0,0
Midnight Express,1978,121,2300000,7.6,7617,4.5,4.5,4.5,4.5,4.5,4.5,14.5,24.5,14.5,14.5,,0,0,0,1,0,0,0
Three Comrades,1938,100,NA,7.2,178,4.5,4.5,4.5,4.5,4.5,14.5,24.5,24.5,14.5,14.5,,0,0,0,1,0,0,0
Cecil B. DeMented,2000,87,10000000,6,3464,4.5,4.5,4.5,4.5,4.5,14.5,14.5,14.5,4.5,14.5,R,0,0,1,0,0,0,0
Sullivan's Travels,1941,90,689665,8.2,2896,4.5,4.5,4.5,4.5,4.5,4.5,14.5,14.5,24.5,34.5,,0,0,1,0,0,1,0
"Century of Cinema, A",1994,72,NA,4.9,143,24.5,4.5,4.5,4.5,4.5,4.5,14.5,14.5,4.5,24.5,,0,0,0,0,1,0,0
Lover Come Back,1961,107,NA,7.2,669,4.5,4.5,4.5,4.5,4.5,14.5,24.5,24.5,14.5,14.5,,0,0,1,0,0,1,0
Tuno negro,2001,98,NA,5,255,14.5,4.5,4.5,14.5,14.5,24.5,14.5,4.5,4.5,4.5,R,0,0,0,1,0,0,0
"Return of Count Yorga, The",1971,97,NA,4.7,122,4.5,4.5,4.5,14.5,14.5,14.5,14.5,4.5,4.5,4.5,,0,0,0,0,0,0,0
Pinocchio,1940,88,2600000,7.7,6805,4.5,4.5,4.5,4.5,4.5,14.5,24.5,24.5,14.5,14.5,,0,1,0,0,0,0,0
They Crawl,2001,93,NA,3.5,132,14.5,14.5,14.5,14.5,14.5,14.5,4.5,4.5,4.5,4.5,R,0,0,0,0,0,0,0
"Throwing Mail Into Bags, U.S.P.O.",1903,1,NA,3.5,5,0,24.5,44.5,24.5,24.5,0,0,0,0,0,,0,0,0,0,0,0,1
They Who Dare,1953,107,NA,5.7,34,4.5,4.5,0,14.5,14.5,24.5,14.5,14.5,4.5,0,,0,0,0,1,0,0,0
Quand tu liras cette lettre,1953,104,NA,6.8,16,0,0,0,4.5,4.5,14.5,34.5,24.5,0,14.5,,0,0,0,0,0,0,0
"Adventures of Robin Hood, The",1938,102,1900000,8.2,7359,4.5,4.5,4.5,4.5,4.5,4.5,14.5,24.5,14.5,24.5,PG,1,0,0,0,0,1,0
"Serpent and the Rainbow, The",1988,98,7000000,5.9,2166,4.5,4.5,4.5,4.5,14.5,24.5,24.5,14.5,4.5,4.5,,0,0,0,0,0,0,0
Haiku Tunnel,2001,88,NA,5.9,624,4.5,4.5,4.5,4.5,4.5,14.5,14.5,14.5,4.5,4.5,R,0,0,1,0,0,0,0
Out of Bounds,2004,90,NA,3.5,82,14.5,4.5,4.5,4.5,4.5,4.5,14.5,4.5,14.5,14.5,,0,0,0,1,0,0,0
Chevrolet,1997,96,NA,5.2,22,14.5,0,0,4.5,24.5,4.5,4.5,14.5,24.5,4.5,,0,0,0,1,0,0,0
Clipped Wings,1953,65,NA,6.7,40,0,0,0,0,4.5,14.5,14.5,14.5,14.5,34.5,,0,0,1,0,0,0,0
"Frigjorte, De",1993,97,NA,7,86,4.5,0,4.5,0,4.5,14.5,14.5,34.5,14.5,14.5,,0,0,1,0,0,0,0
Corte de Cabelo,1995,91,NA,5.7,35,4.5,0,4.5,4.5,14.5,24.5,14.5,24.5,4.5,4.5,,0,0,0,1,0,0,0
Occasional Coarse Language,1998,81,NA,6.2,79,4.5,4.5,4.5,4.5,14.5,14.5,24.5,14.5,4.5,4.5,,0,0,1,0,0,1,0
Anything for Love,1993,91,NA,5.2,285,4.5,4.5,4.5,4.5,4.5,14.5,14.5,4.5,4.5,24.5,,0,0,1,0,0,0,0
"Last of Mrs. Cheyney, The",1937,98,NA,6.6,121,4.5,4.5,4.5,4.5,4.5,14.5,34.5,24.5,4.5,4.5,,0,0,1,1,0,0,0
"Tricheurs, Les",1958,120,NA,6.8,54,0,4.5,4.5,4.5,0,14.5,14.5,24.5,14.5,24.5,,0,0,0,1,0,0,0
Possession,1987,90,NA,4.4,14,24.5,4.5,4.5,24.5,14.5,0,0,4.5,4.5,14.5,,0,0,0,0,0,0,0
Street Pirates,1994,94,650000,8.2,111,4.5,4.5,4.5,4.5,4.5,4.5,4.5,14.5,24.5,24.5,,0,0,0,0,1,0,0
"Way It All Went Down, The",1999,93,NA,4.6,19,24.5,4.5,24.5,0,4.5,0,14.5,4.5,4.5,24.5,,0,0,0,0,0,0,0
"Puerto de Barcelona, El",1966,20,NA,5.4,61,4.5,0,45.5,0,34.5,4.5,0,0,4.5,0,,0,0,0,0,1,0,1
"Mi Casa, Su Casa",2003,94,NA,5.1,105,4.5,4.5,4.5,14.5,14.5,24.5,14.5,4.5,4.5,14.5,PG,0,0,1,0,0,0,0
"Shadow Strikes, The",1937,61,NA,4.7,24,4.5,4.5,14.5,14.5,24.5,4.5,4.5,14.5,4.5,4.5,,0,0,0,0,0,0,0
"Teufels General, Des",1955,117,NA,7.3,101,0,0,4.5,0,4.5,14.5,14.5,24.5,14.5,24.5,,0,0,0,1,0,0,0
"Dawn Patrol, The",1938,103,NA,7.6,306,0,0,0,4.5,4.5,4.5,14.5,34.5,14.5,24.5,,0,0,0,1,0,0,0
"Family Thing, A",1996,109,NA,6.9,800,4.5,4.5,4.5,4.5,4.5,14.5,24.5,24.5,14.5,14.5,PG-13,0,0,0,1,0,0,0
Emil und die Detektive,1954,90,NA,6.7,39,4.5,4.5,0,4.5,14.5,4.5,44.5,14.5,4.5,14.5,,0,0,0,0,0,0,0
In the Shadow of the Sun,1980,51,NA,6.2,20,4.5,0,0,0,14.5,14.5,14.5,14.5,0,44.5,,0,0,0,0,0,0,0
Dead Heat,1988,86,5000000,4.8,470,4.5,4.5,4.5,14.5,14.5,14.5,14.5,4.5,4.5,14.5,,1,0,1,0,0,0,0
Buck Privates Come Home,1947,77,NA,6.3,215,4.5,0,4.5,4.5,4.5,14.5,24.5,14.5,14.5,14.5,,0,0,1,0,0,0,0
Mob War,1989,96,NA,1.8,30,34.5,24.5,24.5,4.5,4.5,4.5,0,0,0,14.5,,1,0,0,0,0,0,0
Repossessed,2002,8,NA,6.4,39,0,4.5,4.5,4.5,4.5,44.5,24.5,4.5,4.5,4.5,,0,0,0,0,0,0,1
Convention City,1933,69,239000,4.7,5,0,24.5,0,0,0,0,0,0,24.5,64.5,,0,0,1,0,0,0,0
Lucia Chase (Polavision Vignette),1978,3,NA,4.4,8,0,14.5,14.5,24.5,24.5,14.5,0,14.5,0,0,,0,0,0,0,0,0,1
Not Another Mistake,1988,99,NA,3.8,5,0,0,44.5,0,44.5,0,24.5,0,0,0,,0,0,0,0,0,0,0
Snapshot,1979,92,NA,3.3,43,14.5,4.5,24.5,14.5,14.5,14.5,4.5,4.5,4.5,4.5,,0,0,0,1,0,0,0
Stardust Stricken - Mohsen Makhmalbaf: A Portrait,1996,70,NA,7.9,9,14.5,0,0,0,24.5,14.5,34.5,0,0,24.5,,0,0,0,0,1,0,0
Bush's Brain,2004,80,NA,6.8,264,4.5,4.5,4.5,4.5,4.5,14.5,14.5,14.5,14.5,24.5,PG-13,0,0,0,0,1,0,0
Man of the House,2005,97,40000000,5.2,511,14.5,4.5,4.5,4.5,14.5,14.5,14.5,14.5,4.5,14.5,PG-13,1,0,1,0,0,0,0
I'm No Fool with Electricity,1970,10,NA,7.3,11,4.5,0,0,4.5,0,24.5,24.5,4.5,4.5,4.5,,0,1,0,0,0,0,1
Rose & Alexander,2002,40,4800,8.9,7,0,0,0,0,0,0,14.5,24.5,14.5,44.5,,0,0,0,1,0,0,1
Training Pigeons,1936,7,NA,5.1,6,0,0,0,14.5,34.5,45.5,0,0,0,0,,0,1,1,0,0,0,1
After the Sunset,2004,97,58000000,6,3431,4.5,4.5,4.5,4.5,14.5,24.5,24.5,14.5,4.5,4.5,PG-13,1,0,1,0,0,0,0
All's Fair,1989,89,NA,3.3,39,24.5,14.5,24.5,14.5,4.5,4.5,4.5,4.5,4.5,4.5,,0,0,1,0,0,0,0
"Undefeated, The",1969,119,NA,6,505,4.5,4.5,4.5,4.5,14.5,24.5,24.5,14.5,4.5,4.5,,0,0,0,0,0,0,0
"Round of Golf, A",1931,11,NA,4.8,6,0,0,0,14.5,14.5,0,0,0,14.5,45.5,,0,0,0,0,0,0,1
"Iron Mask, The",1929,103,NA,6.9,109,0,4.5,0,4.5,4.5,4.5,34.5,24.5,4.5,4.5,,0,0,0,0,0,1,0
"New Gods, The",1997,97,NA,1.4,17,24.5,4.5,0,0,0,0,14.5,0,14.5,44.5,,0,0,0,1,0,0,0
Attack on the Iron Coast,1968,89,NA,5,65,4.5,4.5,4.5,14.5,34.5,24.5,4.5,4.5,4.5,0,,0,0,0,1,0,0,0
Tribute,1980,121,8400000,5.7,106,4.5,4.5,4.5,14.5,14.5,14.5,14.5,4.5,4.5,14.5,,0,0,1,1,0,0,0
Ciakmull - L'uomo della vendetta,1970,90,NA,8.1,9,0,0,0,0,14.5,24.5,14.5,14.5,0,44.5,,0,0,0,0,0,0,0
Kiki,1931,87,810568,6.8,6,0,0,0,14.5,0,0,14.5,34.5,14.5,14.5,,0,0,0,0,0,0,0
"True Meaning of Pictures: Shelby Lee Adams' Appalachia, The",2002,75,NA,7.8,30,0,4.5,0,0,0,4.5,34.5,24.5,14.5,34.5,,0,0,0,0,1,0,0
Chibikko Remi to meiken Capi,1970,81,NA,8.1,8,0,0,0,0,0,0,14.5,34.5,24.5,24.5,,0,0,0,0,0,0,0
Hard Country,1981,104,NA,5.3,83,4.5,4.5,4.5,4.5,24.5,14.5,14.5,4.5,4.5,4.5,,0,0,0,1,0,0,0
Todd and the Book of Pure Evil,2003,18,NA,6,15,0,0,14.5,4.5,0,14.5,4.5,4.5,24.5,34.5,,0,0,1,0,0,0,1
Filigrana,1949,105,NA,5.1,5,0,0,44.5,0,24.5,0,44.5,0,0,0,,0,0,1,0,0,0,0
Absolutely Positive,1991,87,NA,7.8,8,0,0,0,0,0,14.5,14.5,45.5,24.5,0,,0,0,0,0,1,0,0
Mars Attacks!,1996,106,70000000,6.1,27363,4.5,4.5,4.5,4.5,14.5,14.5,24.5,14.5,4.5,4.5,PG-13,1,0,1,0,0,0,0
Ursus,1961,90,NA,3.1,15,14.5,24.5,14.5,14.5,0,4.5,14.5,14.5,4.5,0,,1,0,0,0,0,0,0
National Lampoon Goes to the Movies,1983,89,NA,2.9,162,34.5,14.5,14.5,14.5,4.5,4.5,4.5,4.5,4.5,4.5,,0,0,1,0,0,0,0
Prima comunione,1950,84,NA,8.4,10,0,0,0,0,14.5,0,0,45.5,24.5,24.5,,0,0,1,0,0,0,0
"Bidasses s'en vont en guerre, Les",1974,90,NA,4.5,67,14.5,4.5,4.5,14.5,14.5,24.5,4.5,4.5,4.5,4.5,,0,0,1,0,0,0,0
Walk Don't Run,1966,114,NA,6.4,465,4.5,4.5,4.5,4.5,14.5,14.5,24.5,14.5,4.5,14.5,,0,0,1,0,0,1,0
I'm in the Army Now,1936,6,NA,5.5,18,0,0,14.5,24.5,4.5,24.5,14.5,4.5,0,14.5,,0,1,1,0,0,0,1
Every Day Except Christmas,1957,37,NA,5.2,13,0,0,0,34.5,0,4.5,4.5,24.5,4.5,24.5,,0,0,0,0,1,0,1
Beyond the Forest,1949,89,NA,6.3,268,4.5,4.5,4.5,4.5,4.5,14.5,4.5,14.5,14.5,24.5,,0,0,0,1,0,0,0
Don't Fence Me In,1945,71,NA,7,29,0,0,4.5,0,4.5,14.5,14.5,24.5,4.5,34.5,,0,0,0,0,0,0,0
"Sete Vampiras, As",1986,100,NA,3.8,21,4.5,4.5,4.5,4.5,14.5,0,14.5,14.5,4.5,4.5,,0,0,1,0,0,0,0
"Moutarde me monte au nez, La",1974,92,NA,5.6,96,4.5,4.5,4.5,4.5,14.5,24.5,24.5,4.5,4.5,14.5,,0,0,1,0,0,0,0
Wilful Peggy,1910,17,NA,4.4,16,14.5,4.5,14.5,0,14.5,14.5,34.5,0,0,0,,0,0,1,0,0,1,1
"Astillero, El",2000,88,NA,2.9,9,0,24.5,24.5,14.5,14.5,14.5,0,14.5,0,14.5,,0,0,0,1,0,0,0
Judge Hardy and Son,1939,90,NA,6.1,33,0,0,0,4.5,14.5,24.5,24.5,14.5,4.5,14.5,,0,0,1,1,0,0,0
Somberman's aktie,1999,94,NA,7.3,34,4.5,4.5,4.5,4.5,4.5,4.5,14.5,4.5,14.5,34.5,,0,0,1,1,0,0,0
Harem Girl,1952,70,NA,4.3,6,14.5,0,14.5,0,0,34.5,0,0,14.5,14.5,,0,0,1,0,0,0,0
"Delfini, I",1960,100,NA,4.7,5,0,0,24.5,0,0,64.5,0,0,0,24.5,,0,0,0,1,0,0,0
Antonia and Jane,1991,71,NA,7.2,144,4.5,4.5,0,4.5,4.5,14.5,24.5,24.5,14.5,14.5,,0,0,1,0,0,0,0
Harper Valley P.T.A.,1978,93,NA,4.9,213,4.5,4.5,4.5,14.5,24.5,14.5,4.5,4.5,4.5,14.5,,0,0,1,0,0,0,0
"Heaven Knows, Mr. Allison",1957,108,3000000,7.4,931,4.5,4.5,4.5,4.5,4.5,4.5,24.5,24.5,14.5,14.5,,0,0,0,1,0,0,0
Sjecanje na Georgiju,2002,90,NA,2.8,5,84.5,0,0,0,0,0,0,0,0,24.5,,0,0,0,0,0,0,0
"Vabank II, czyli riposta",1985,101,NA,7.5,114,4.5,4.5,0,4.5,4.5,4.5,14.5,14.5,24.5,34.5,,0,0,1,0,0,0,0
Half Shot at Sunrise,1930,78,NA,6.9,35,0,0,0,0,24.5,4.5,24.5,14.5,14.5,24.5,,0,0,1,0,0,0,0
Among Thieves,2004,27,NA,9.1,7,0,0,0,0,0,0,24.5,0,0,74.5,,0,0,0,1,0,0,1
"Fate, Le",1966,114,NA,5.2,20,0,0,14.5,0,24.5,24.5,14.5,4.5,4.5,24.5,,0,0,1,0,0,0,0
"Brother from Another Planet, The",1984,106,300000,6.7,1133,4.5,4.5,4.5,4.5,4.5,14.5,24.5,24.5,14.5,14.5,R,0,0,1,1,0,0,0
Chalk,1996,134,400000,8.6,14,0,0,0,0,14.5,0,24.5,14.5,14.5,24.5,,0,0,0,0,0,0,0
Boardwalk,1979,98,NA,5.8,20,0,4.5,4.5,14.5,14.5,24.5,14.5,4.5,4.5,34.5,,0,0,0,1,0,0,0
"Borges, los libros y las noches",1999,82,NA,5.4,12,4.5,0,0,14.5,0,4.5,14.5,24.5,0,24.5,,0,0,0,0,1,0,0
Night of the Living Dead: 25th Anniversary Edition,1993,83,NA,4.3,56,24.5,4.5,4.5,4.5,14.5,4.5,4.5,14.5,4.5,24.5,,0,0,0,0,1,0,0
Nightdreams,1981,78,NA,8,20,4.5,4.5,0,0,4.5,4.5,0,24.5,24.5,34.5,,0,0,0,0,0,0,0
"Spaceman and King Arthur, The",1979,93,NA,4.5,161,4.5,4.5,14.5,14.5,14.5,14.5,14.5,4.5,4.5,4.5,,0,0,1,0,0,0,0
"Carpenter, The",1989,89,NA,3.8,53,24.5,4.5,4.5,14.5,4.5,4.5,4.5,4.5,4.5,14.5,,0,0,0,0,0,0,0
Aftenlandet,1977,109,NA,5.5,8,0,0,0,0,34.5,24.5,14.5,14.5,14.5,0,,0,0,0,0,0,0,0
Pineapple Tours,1992,118,NA,5.8,5,0,0,0,44.5,0,0,64.5,0,0,0,,0,0,0,0,0,0,0
"Time to Kill, A",1996,149,40000000,6.9,15577,4.5,4.5,4.5,4.5,4.5,14.5,24.5,24.5,14.5,14.5,R,0,0,0,1,0,0,0
Titicut Follies,1967,84,NA,8.6,266,0,4.5,0,4.5,4.5,4.5,4.5,14.5,24.5,44.5,,0,0,0,0,1,0,0
Blessed,2004,98,NA,4.6,187,4.5,14.5,4.5,14.5,14.5,14.5,4.5,4.5,4.5,4.5,R,0,0,0,1,0,0,0
Everything's Ducky,1961,80,NA,6,17,14.5,4.5,4.5,0,14.5,24.5,4.5,4.5,0,24.5,,0,0,1,0,0,0,0
Nick and Kate,2003,5,NA,8.6,31,14.5,0,0,0,0,0,0,4.5,24.5,45.5,,0,0,0,1,0,0,1
Xilu xiang,1999,118,NA,7.5,134,4.5,4.5,4.5,4.5,4.5,4.5,24.5,24.5,14.5,14.5,,0,0,0,1,0,0,0
Deti chugunnykh bogov,1993,80,NA,8.5,11,0,0,0,4.5,0,0,0,34.5,14.5,34.5,,0,0,0,1,0,0,0
Operation Daybreak,1975,118,NA,6.4,194,4.5,4.5,4.5,4.5,4.5,4.5,14.5,14.5,14.5,24.5,,0,0,0,1,0,0,0
Docks of New York,1945,62,NA,7,51,0,0,4.5,0,0,4.5,4.5,14.5,24.5,44.5,,0,0,1,0,0,0,0
Rama Dama,1991,107,NA,6.4,32,4.5,0,4.5,0,4.5,24.5,24.5,14.5,14.5,4.5,,0,0,0,1,0,0,0
Tandem,1987,86,NA,7.4,155,4.5,4.5,4.5,4.5,4.5,4.5,14.5,24.5,14.5,24.5,,0,0,1,0,0,0,0
Minotaur,1997,91,NA,4.6,42,14.5,4.5,4.5,14.5,4.5,14.5,4.5,14.5,4.5,24.5,,0,0,0,0,0,1,0
Mongjunggi,2002,98,NA,5.5,72,4.5,4.5,4.5,4.5,14.5,24.5,24.5,4.5,4.5,4.5,,0,0,1,0,0,0,0
Cereal Killer,2000,12,NA,7.5,12,0,0,0,0,0,0,34.5,24.5,14.5,24.5,,0,0,0,0,0,0,1
"Man with Rain in His Shoes, The",1998,96,NA,6.6,607,4.5,4.5,4.5,4.5,4.5,14.5,24.5,24.5,4.5,4.5,R,0,0,1,1,0,1,0
Hei mao,1991,91,NA,5.6,131,4.5,4.5,4.5,4.5,14.5,14.5,24.5,14.5,4.5,4.5,,1,0,0,0,0,0,0
"Gwen, le livre de sable",1985,107,NA,8.2,6,0,0,0,0,14.5,0,0,34.5,34.5,14.5,,0,1,0,0,0,0,0
I Wish My Beer Was as Cold as Your Heart,2003,10,NA,9.2,6,0,0,0,0,0,0,14.5,14.5,0,64.5,,0,0,1,0,0,0,1
In a Moment of Passion,1993,100,NA,1.7,21,64.5,4.5,4.5,4.5,4.5,0,4.5,0,0,4.5,,0,0,0,1,0,0,0
I Got the Hook Up,1998,93,3500000,3.2,412,34.5,4.5,4.5,4.5,4.5,4.5,4.5,4.5,4.5,14.5,R,0,0,1,0,0,0,0
Revenge of the Shogun Women,1977,98,NA,6.4,14,4.5,0,0,4.5,14.5,14.5,24.5,24.5,4.5,4.5,,1,0,0,1,0,0,0
Nanook Taxi,1977,90,NA,9,5,0,0,0,0,0,24.5,0,0,24.5,64.5,,0,0,1,1,0,0,0
"Peacekeeper, The",1997,98,10000000,4.6,505,4.5,4.5,14.5,14.5,14.5,14.5,4.5,4.5,4.5,4.5,R,1,0,0,0,0,0,0
Let My Puppets Come,1976,45,NA,3.2,30,14.5,14.5,4.5,4.5,4.5,14.5,14.5,4.5,4.5,14.5,,0,0,1,0,0,0,0
Starukhi,2003,100,NA,7.5,21,4.5,4.5,0,0,0,4.5,14.5,44.5,24.5,0,,0,0,0,1,0,0,0
"Phenix City Story, The",1955,100,NA,7.2,95,0,0,4.5,4.5,4.5,14.5,24.5,14.5,14.5,14.5,,0,0,0,1,0,0,0
O Beautiful,2002,29,NA,5.5,48,4.5,14.5,4.5,4.5,4.5,4.5,4.5,14.5,24.5,14.5,,0,0,0,1,0,0,1
Sufferin' Cats,1943,8,NA,6.8,29,0,0,4.5,4.5,14.5,14.5,34.5,24.5,4.5,4.5,,0,1,1,0,0,0,1
"Willi-Busch-Report, Der",1979,120,NA,5.8,14,0,0,4.5,0,14.5,24.5,24.5,14.5,0,14.5,,0,0,1,1,0,0,0
"Vie de famille, La",1985,95,NA,5.7,22,4.5,0,0,4.5,24.5,4.5,14.5,14.5,4.5,14.5,,0,0,0,1,0,0,0
Jaguar,1956,66,NA,6.1,6,0,0,0,14.5,14.5,14.5,0,34.5,0,14.5,,0,0,0,1,0,1,0
How They Get There,1997,3,NA,7.6,76,4.5,0,0,0,4.5,4.5,14.5,24.5,14.5,34.5,,0,0,0,0,0,0,1
Come Play with Me,1977,94,NA,3.8,24,34.5,0,4.5,14.5,4.5,14.5,4.5,4.5,0,4.5,,0,0,1,0,0,0,0
Night Moves,1975,100,NA,6.8,759,4.5,4.5,4.5,4.5,4.5,14.5,24.5,14.5,14.5,14.5,,0,0,0,0,0,0,0
Na Senda do Crime,1954,66,NA,8,7,0,0,0,0,0,0,44.5,14.5,14.5,24.5,,0,0,0,0,0,0,0
"Gatekeeper, The",2002,103,NA,6.4,84,4.5,4.5,4.5,4.5,4.5,14.5,4.5,14.5,4.5,24.5,R,0,0,0,1,0,0,0
Monte Hellman: American Auteur,1997,14,NA,3.2,22,14.5,4.5,4.5,4.5,14.5,4.5,14.5,0,0,14.5,,0,0,0,0,1,0,1
"Time of Destiny, A",1988,118,NA,4.8,116,14.5,4.5,14.5,14.5,14.5,24.5,14.5,4.5,4.5,4.5,,0,0,0,1,0,0,0
Byt,1968,13,NA,7.5,86,0,4.5,0,4.5,4.5,4.5,14.5,24.5,24.5,14.5,,0,1,0,0,0,0,1
Tom's Wife,2004,91,NA,9.1,11,0,0,0,0,0,0,0,34.5,14.5,44.5,,0,0,0,1,0,0,0
Cold Night Into Dawn,1997,91,NA,3.5,25,24.5,4.5,4.5,14.5,24.5,0,4.5,4.5,0,14.5,,0,0,0,0,0,0,0
"Fuller Brush Girl, The",1950,85,NA,6.5,71,4.5,0,4.5,4.5,14.5,14.5,14.5,14.5,4.5,14.5,,0,0,1,0,0,0,0
"Vampire Lovers, The",1970,91,NA,6.1,453,4.5,4.5,4.5,4.5,4.5,14.5,24.5,14.5,4.5,14.5,,0,0,0,0,0,0,0
Royal Blues,1997,52,NA,6.4,27,4.5,0,4.5,4.5,4.5,4.5,14.5,24.5,24.5,14.5,,0,0,1,0,0,0,0
"Private Affairs of Bel Ami, The",1947,112,NA,7,59,4.5,4.5,0,0,14.5,14.5,24.5,34.5,4.5,4.5,,0,0,0,1,0,0,0
"Missing Guest, The",1938,68,NA,7.2,6,0,0,0,0,14.5,14.5,0,0,14.5,45.5,,0,0,0,0,0,0,0
Gent,1969,15,NA,7.2,41,0,4.5,24.5,4.5,4.5,4.5,4.5,0,4.5,45.5,,0,0,0,0,1,0,1
"Massoud, l'Afghan",1998,89,NA,8.6,32,4.5,4.5,0,4.5,4.5,4.5,4.5,14.5,14.5,44.5,,0,0,0,0,1,0,0
"Fruits de la passion, Les",1981,83,NA,5.9,74,4.5,4.5,4.5,4.5,4.5,14.5,14.5,4.5,4.5,24.5,,0,0,0,1,0,0,0
"Insatiable Mrs. Kirsch, The",1993,29,NA,4.2,16,4.5,4.5,24.5,14.5,14.5,4.5,14.5,4.5,0,4.5,,0,0,0,0,0,0,1
Ned Kelly,2003,110,NA,6.3,2208,4.5,4.5,4.5,4.5,14.5,24.5,24.5,14.5,4.5,14.5,R,0,0,0,1,0,0,0
"Enchanted Journey, The",1984,90,NA,7,22,0,0,4.5,0,0,14.5,4.5,24.5,4.5,44.5,,0,1,0,0,0,0,0
"Rivolta dei pretoriani, La",1964,95,NA,7.7,7,0,0,14.5,0,0,14.5,44.5,0,14.5,14.5,,1,0,0,1,0,0,0
Better or Worse?,2000,9,NA,5.2,22,4.5,4.5,4.5,4.5,34.5,24.5,14.5,0,0,0,,0,0,0,1,0,0,1
"Joven, La",1960,96,NA,7.3,128,4.5,4.5,4.5,4.5,4.5,14.5,14.5,24.5,14.5,24.5,,0,0,0,1,0,0,0
Y Mabinogi,2003,90,NA,4.7,16,0,0,0,34.5,0,14.5,24.5,14.5,4.5,14.5,,0,1,0,0,0,0,0
Dopo mezzanotte,2004,89,NA,6.9,211,0,4.5,4.5,4.5,4.5,4.5,24.5,34.5,14.5,14.5,,0,0,1,0,0,1,0
Continental Divide,1981,103,NA,5.8,1106,4.5,4.5,4.5,4.5,14.5,24.5,24.5,14.5,4.5,4.5,,0,0,1,0,0,1,0
Last of the Wild Horses,1948,84,NA,2,45,45.5,24.5,4.5,4.5,4.5,0,0,0,4.5,4.5,,0,0,0,0,0,0,0
Monkey Grip,1982,99,NA,6.2,32,0,0,4.5,0,4.5,14.5,4.5,24.5,14.5,24.5,,0,0,0,1,0,0,0
"Calde notti di Don Giovanni, Le",1971,110,NA,3.7,6,0,14.5,14.5,14.5,34.5,0,0,0,14.5,0,,0,0,1,0,0,0,0
"Maison du Maltais, La",1938,90,NA,8.1,11,0,0,4.5,0,14.5,0,0,45.5,4.5,4.5,,0,0,0,0,0,0,0
Buio Omega,1979,94,NA,5.8,382,4.5,4.5,4.5,4.5,4.5,14.5,14.5,14.5,14.5,24.5,,0,0,0,0,0,0,0
Gunga Din,1939,117,1910000,7.6,1988,4.5,4.5,4.5,4.5,4.5,4.5,14.5,24.5,14.5,24.5,,1,0,1,0,0,0,0
Krtek a metro,1997,5,NA,8.8,5,0,0,0,0,0,24.5,0,24.5,0,64.5,,0,1,0,0,0,0,1
Lover Girl,1997,87,1000000,5.3,102,4.5,4.5,4.5,14.5,14.5,24.5,14.5,14.5,4.5,4.5,R,0,0,1,1,0,0,0
"Mary Burns, Fugitive",1935,84,NA,5.3,8,0,0,0,34.5,0,0,24.5,14.5,14.5,14.5,,0,0,0,1,0,0,0
"Gambler from Natchez, The",1954,88,NA,6.7,14,0,0,0,0,4.5,45.5,0,34.5,0,0,,0,0,0,0,0,0,0
Gospodin oformitel,1988,109,NA,7.2,26,0,4.5,0,0,4.5,4.5,14.5,24.5,24.5,24.5,,0,0,0,1,0,0,0
Twentynine Palms,2003,119,NA,5.4,350,24.5,4.5,4.5,4.5,4.5,4.5,4.5,14.5,4.5,14.5,,0,0,0,1,0,0,0
Detskiy sad,1983,136,NA,8.3,15,0,4.5,4.5,0,14.5,14.5,4.5,14.5,24.5,14.5,,0,0,0,1,0,0,0
Flight,1929,110,NA,6,23,0,0,0,4.5,24.5,24.5,34.5,4.5,0,4.5,,0,0,0,0,0,0,0
Laugh and Get Rich,1931,72,NA,6.1,30,0,4.5,4.5,4.5,14.5,34.5,14.5,14.5,4.5,14.5,,0,0,1,0,0,0,0
Working Girls,1931,77,NA,6.3,13,0,0,4.5,4.5,24.5,4.5,14.5,24.5,4.5,4.5,,0,0,0,1,0,0,0
To Dorothy a Son,1954,79,NA,5.1,11,4.5,0,0,14.5,14.5,24.5,0,4.5,0,14.5,,0,0,1,0,0,0,0
Made in Greece,1987,118,NA,7.3,15,0,4.5,0,4.5,14.5,0,4.5,44.5,24.5,0,,0,0,1,0,0,0,0
Incontri proibiti,1998,112,NA,4.8,25,14.5,14.5,14.5,0,4.5,14.5,24.5,0,4.5,4.5,,0,0,1,1,0,0,0
Cosmic Ray,1962,4,NA,8.2,22,0,4.5,0,0,0,4.5,14.5,34.5,14.5,34.5,,0,0,0,0,0,0,1
Miraklet i Valby,1989,85,NA,6.1,45,0,4.5,0,4.5,4.5,14.5,24.5,34.5,4.5,4.5,,0,0,0,1,0,0,0
Teenage Mutant Ninja Turtles,1990,93,13500000,5.5,6946,4.5,4.5,4.5,4.5,14.5,14.5,14.5,14.5,4.5,14.5,,1,0,0,0,0,0,0
Sweet Nightmare,1998,96,NA,3.8,106,14.5,4.5,4.5,4.5,14.5,14.5,4.5,4.5,4.5,24.5,,0,0,1,0,0,1,0
"Bell for Adano, A",1945,103,NA,7.3,99,0,4.5,0,4.5,4.5,14.5,24.5,24.5,14.5,14.5,,0,0,0,1,0,0,0
"Groove Tube, The",1974,75,200000,5.4,490,4.5,4.5,4.5,4.5,14.5,14.5,14.5,14.5,4.5,14.5,,0,0,1,0,0,0,0
"Whoa, Be-Gone!",1958,6,NA,6.4,47,0,0,4.5,4.5,14.5,14.5,24.5,14.5,4.5,14.5,,0,1,1,0,0,0,1
All About Gloria Leonard,1978,90,NA,4.3,10,14.5,0,24.5,14.5,0,34.5,14.5,0,14.5,14.5,,0,0,0,1,0,0,0
"Fio do Horizonte, O",1993,91,NA,4.9,22,4.5,0,4.5,4.5,14.5,4.5,24.5,14.5,24.5,0,,0,0,0,1,0,0,0
Not Angels But Angels,1994,80,NA,5.8,24,4.5,0,0,4.5,4.5,45.5,14.5,4.5,0,0,,0,0,0,0,1,0,0
It's Showtime,1976,85,NA,5.8,17,14.5,0,0,14.5,24.5,14.5,24.5,4.5,0,4.5,,0,0,0,0,1,0,0
Shellfishing,2005,6,NA,7.6,8,0,14.5,0,14.5,0,0,0,24.5,14.5,34.5,,0,0,0,0,0,0,1
Incense for the Damned,1972,87,NA,3.4,82,24.5,14.5,24.5,14.5,4.5,4.5,4.5,4.5,4.5,4.5,,0,0,0,0,0,0,0
Copycat,1995,123,20000000,6.5,7804,4.5,4.5,4.5,4.5,14.5,24.5,24.5,24.5,4.5,4.5,R,0,0,0,1,0,0,0
Bangrajan,2000,71,NA,6.6,283,4.5,4.5,4.5,4.5,4.5,14.5,24.5,14.5,14.5,14.5,,1,0,0,1,0,0,0
Naked as Nature Intended,1961,60,NA,4.1,8,0,24.5,0,34.5,0,24.5,0,0,0,14.5,,0,0,0,0,0,0,0
Doppelganger,1993,104,3000000,4.1,481,14.5,4.5,14.5,14.5,14.5,14.5,14.5,4.5,4.5,4.5,,0,0,0,0,0,0,0
Father Brown,1954,91,NA,7.2,113,4.5,4.5,0,4.5,4.5,14.5,24.5,24.5,14.5,14.5,,0,0,1,1,0,0,0
Torrance Rises,1999,34,NA,5.9,61,24.5,4.5,4.5,4.5,0,4.5,14.5,24.5,4.5,14.5,,0,0,1,0,0,0,1
Deranged,1974,78,200000,6.2,306,4.5,4.5,4.5,4.5,4.5,14.5,14.5,24.5,4.5,14.5,,0,0,0,0,0,0,0
"Cochecito, El",1960,85,NA,6.8,60,4.5,0,0,4.5,4.5,14.5,14.5,24.5,24.5,24.5,,0,0,1,1,0,0,0
"Woman Scorned, A",1999,8,NA,5.4,17,4.5,14.5,14.5,14.5,14.5,14.5,14.5,0,0,14.5,,0,0,0,0,0,0,1
White Boy,2002,90,NA,2.5,113,14.5,4.5,4.5,4.5,4.5,4.5,14.5,14.5,24.5,14.5,,0,0,0,1,0,0,0
Man to Man,2005,122,30000000,6,76,4.5,4.5,4.5,4.5,4.5,14.5,14.5,24.5,4.5,14.5,,0,0,0,0,0,0,0
"Playbirds, The",1978,89,NA,3.1,19,24.5,14.5,14.5,0,0,14.5,14.5,4.5,24.5,14.5,,0,0,0,1,0,0,0
Blackfly,1991,5,NA,7.4,45,4.5,4.5,0,0,4.5,14.5,14.5,44.5,4.5,14.5,,0,1,1,0,0,0,1
Goldtown Ghost Riders,1953,57,NA,5.6,11,0,4.5,0,4.5,4.5,4.5,4.5,24.5,4.5,14.5,,0,0,0,0,0,0,0
A.K.,1985,71,NA,7.7,60,0,0,4.5,4.5,4.5,14.5,24.5,24.5,24.5,14.5,,0,0,0,0,1,0,0
Hellriders,1984,90,NA,2.7,25,45.5,14.5,14.5,0,0,0,14.5,4.5,0,0,,1,0,0,1,0,0,0
Call Me Mister,1951,96,NA,5.6,46,4.5,4.5,4.5,14.5,4.5,24.5,14.5,14.5,4.5,4.5,,0,0,0,0,0,0,0
"Revanche, La",2004,110,NA,4.6,5,24.5,0,24.5,0,24.5,0,44.5,0,0,0,,0,0,1,0,0,0,0
Kayikci,1999,88,NA,4.2,20,24.5,4.5,4.5,24.5,4.5,14.5,4.5,0,14.5,14.5,,0,0,0,0,0,0,0
"Warning, The",2004,9,6500,7,9,0,0,0,0,14.5,0,24.5,14.5,0,45.5,,0,0,0,0,0,0,1
Face in the Rain,1963,81,NA,4.5,5,0,0,44.5,0,44.5,0,24.5,0,0,0,,0,0,0,0,0,0,0
Viimeinen vieras,1941,95,NA,6.6,5,0,0,0,0,0,44.5,24.5,0,0,44.5,,0,0,0,0,0,0,0
Runaway Brain,1995,7,NA,7.3,67,4.5,4.5,4.5,4.5,4.5,14.5,14.5,14.5,14.5,24.5,,0,1,1,0,0,0,1
"Siete espartanos, Los",1962,105,NA,5.3,20,0,4.5,0,14.5,24.5,14.5,34.5,14.5,0,4.5,,1,0,0,1,0,0,0
Long Weekend,1978,92,NA,5.7,95,4.5,4.5,4.5,4.5,4.5,14.5,4.5,14.5,14.5,34.5,,0,0,0,0,0,0,0
Wedding Knives,1998,14,NA,5.3,5,0,24.5,0,0,0,0,44.5,24.5,0,24.5,,0,0,0,0,0,0,1
Showgirl Murders,1996,82,NA,2.8,38,14.5,14.5,14.5,24.5,14.5,4.5,4.5,4.5,0,14.5,R,1,0,0,0,0,0,0
Bill of Hare,1962,7,NA,6.3,29,0,4.5,4.5,4.5,14.5,24.5,34.5,14.5,0,0,,0,1,1,0,0,0,1
Tale of the Mummy,1998,119,8000000,3.7,570,14.5,14.5,14.5,14.5,14.5,4.5,4.5,4.5,4.5,4.5,R,0,0,0,0,0,0,0
Pusteblume,1974,92,NA,4.9,25,4.5,14.5,14.5,4.5,24.5,4.5,14.5,0,0,14.5,,0,0,0,1,0,0,0
Ken,1964,94,NA,8.1,6,0,0,0,0,0,0,34.5,34.5,14.5,14.5,,0,0,0,1,0,0,0
"Purple Gang, The",1960,85,NA,4.7,12,0,4.5,4.5,0,4.5,44.5,4.5,4.5,0,14.5,,0,0,0,0,0,0,0
Females Is Fickle,1940,6,NA,6.5,6,0,0,14.5,0,0,14.5,0,0,34.5,34.5,,0,1,1,0,0,0,1
Desperadoes of Dodge City,1948,60,NA,6.3,5,0,0,0,0,24.5,0,84.5,0,0,0,,0,0,0,0,0,0,0
Sztracsatella,1996,100,NA,5.6,50,4.5,4.5,4.5,4.5,4.5,14.5,14.5,4.5,14.5,24.5,,0,0,1,0,0,0,0
"Perfect Specimen, The",1937,97,NA,5.7,33,0,0,4.5,4.5,14.5,34.5,14.5,4.5,4.5,14.5,,0,0,1,0,0,0,0
Django il bastardo,1969,107,NA,5.4,61,4.5,4.5,4.5,4.5,14.5,4.5,14.5,14.5,4.5,14.5,,1,0,0,0,0,0,0
"Diaboliques, Les",1955,116,NA,8.2,3068,4.5,4.5,4.5,4.5,4.5,4.5,14.5,24.5,24.5,24.5,,0,0,0,0,0,0,0
Toy Story,1995,81,30000000,7.9,46019,4.5,4.5,4.5,4.5,4.5,4.5,14.5,24.5,24.5,14.5,,0,1,1,0,0,0,0
Tycoon,1947,128,NA,5.6,140,4.5,4.5,4.5,4.5,14.5,24.5,14.5,14.5,4.5,4.5,,0,0,0,1,0,1,0
Kebab Connection,2005,96,NA,7.1,140,4.5,4.5,4.5,4.5,4.5,14.5,24.5,24.5,14.5,14.5,,0,0,1,0,0,0,0
Sky Full of Moon,1952,73,NA,6.6,6,14.5,0,0,0,14.5,14.5,14.5,0,14.5,14.5,,0,0,1,0,0,0,0
"Abandonadas, Las",1945,103,NA,6.2,8,0,0,14.5,0,0,14.5,34.5,14.5,0,24.5,,0,0,0,1,0,0,0
"Argent des autres, L'",1978,105,NA,6.8,36,4.5,0,0,4.5,14.5,14.5,14.5,24.5,4.5,4.5,,0,0,0,0,0,0,0
This Man in Paris,1939,86,NA,8.7,8,0,0,0,0,0,0,24.5,24.5,24.5,24.5,,0,0,1,0,0,0,0
Doktor Mladen,1975,102,NA,5.5,5,24.5,0,0,0,0,44.5,0,24.5,24.5,0,,0,0,0,1,0,0,0
"Playboys, The",1992,108,NA,6.3,296,4.5,4.5,4.5,4.5,14.5,14.5,24.5,24.5,4.5,4.5,,0,0,0,1,0,1,0
Hard Rain,1998,97,70000000,5.5,6161,4.5,4.5,4.5,14.5,14.5,24.5,14.5,4.5,4.5,4.5,R,1,0,0,1,0,0,0
Ambrose's Nasty Temper,1915,11,NA,6,8,0,14.5,0,14.5,0,45.5,14.5,14.5,0,0,,0,0,1,0,0,0,1
Casino Royale,1967,131,12000000,5.3,4173,4.5,4.5,4.5,14.5,14.5,14.5,14.5,4.5,4.5,4.5,,1,0,1,0,0,0,0
Viva Castro!,1994,86,NA,5.8,10,34.5,0,0,0,14.5,0,14.5,14.5,44.5,0,,0,0,0,1,0,0,0
Life,1999,108,75000000,5.8,4857,4.5,4.5,4.5,4.5,14.5,24.5,24.5,14.5,4.5,4.5,R,0,0,1,1,0,0,0
Philadelphia Experiment II,1993,97,NA,4.3,313,14.5,14.5,4.5,14.5,24.5,14.5,14.5,4.5,4.5,4.5,,1,0,0,0,0,0,0
2010,1984,116,NA,6.5,7300,4.5,4.5,4.5,4.5,4.5,14.5,24.5,24.5,4.5,4.5,,0,0,0,0,0,0,0
Tosca,2001,126,NA,7.9,115,4.5,4.5,4.5,4.5,4.5,14.5,14.5,24.5,14.5,34.5,,0,0,0,1,0,0,0
Private Lessons,1981,87,2800000,4.4,306,4.5,4.5,14.5,14.5,14.5,14.5,4.5,4.5,4.5,4.5,,0,0,1,0,0,0,0
"Black Hole, The",1979,98,18500000,5.4,3425,4.5,4.5,4.5,14.5,14.5,24.5,14.5,4.5,4.5,4.5,,0,0,0,0,0,0,0
"Homme aux yeux d'argent, L'",1985,97,NA,6.3,11,4.5,0,0,4.5,4.5,14.5,44.5,0,0,4.5,,0,0,0,1,0,0,0
Pozegnania,1958,90,NA,5.7,14,0,0,0,4.5,4.5,4.5,24.5,24.5,24.5,4.5,,0,0,0,1,0,0,0
"Fusiladitos, Los",2004,57,NA,8.6,45,4.5,0,0,0,0,0,4.5,4.5,24.5,64.5,,0,0,0,0,1,0,0
Brothers in Trouble,1995,102,NA,6.9,50,0,0,0,4.5,4.5,14.5,24.5,24.5,24.5,4.5,,0,0,0,1,0,0,0
Gunfight at Comanche Creek,1963,90,NA,5.5,43,4.5,4.5,4.5,14.5,4.5,14.5,24.5,14.5,4.5,14.5,,0,0,0,0,0,0,0
Strictly Sinatra,2001,97,NA,6.2,120,4.5,4.5,4.5,4.5,24.5,14.5,14.5,14.5,14.5,14.5,R,0,0,0,1,0,1,0
Vrijdag,1981,90,NA,5.8,32,4.5,4.5,4.5,0,14.5,14.5,24.5,14.5,0,4.5,,0,0,0,1,0,0,0
Zombie High,1987,93,NA,3.8,130,14.5,14.5,14.5,14.5,4.5,14.5,4.5,4.5,4.5,4.5,,0,0,0,0,0,0,0
Americathon,1979,86,NA,3.4,220,24.5,14.5,14.5,14.5,14.5,4.5,4.5,4.5,4.5,14.5,,0,0,1,0,0,0,0
To Speak,1999,14,NA,5.1,21,4.5,4.5,4.5,4.5,34.5,14.5,4.5,0,4.5,0,,0,0,0,0,0,0,1
Beaster,2004,10,5000,6.9,9,34.5,0,0,0,0,0,0,0,14.5,45.5,,0,0,1,0,0,0,1
Class of 1999 II: The Substitute,1994,87,NA,3.5,182,14.5,14.5,14.5,14.5,4.5,4.5,4.5,4.5,4.5,14.5,,1,0,0,0,0,0,0
Dreams That Money Can Buy,1947,99,NA,8,26,0,0,0,0,0,14.5,4.5,24.5,4.5,44.5,,0,0,0,0,0,0,0
Peter Pan,2003,113,100000000,7.2,5596,4.5,4.5,4.5,4.5,4.5,4.5,14.5,14.5,14.5,24.5,PG,1,0,0,0,0,0,0
Belle Starr's Daughter,1948,86,NA,5,15,0,0,4.5,14.5,44.5,24.5,4.5,4.5,0,0,,0,0,0,0,0,0,0
Ramrod,1947,95,NA,6.4,77,0,0,0,4.5,4.5,24.5,24.5,14.5,4.5,14.5,,0,0,0,0,0,0,0
There's One Born Every Minute,1942,60,NA,4,6,34.5,0,0,45.5,0,0,0,0,0,14.5,,0,0,1,0,0,0,0
W.I.A. Wounded In Action,1966,80,NA,5.4,9,14.5,0,0,0,14.5,0,0,0,0,74.5,,0,0,0,1,0,0,0
Brain Donors,1992,76,NA,5.9,917,4.5,4.5,4.5,4.5,4.5,4.5,14.5,14.5,14.5,34.5,,0,0,1,0,0,0,0
Blue,1992,22,NA,6.2,22,4.5,0,4.5,0,0,4.5,14.5,24.5,14.5,24.5,,0,0,0,0,0,0,1
David Golder,1930,86,NA,5.6,8,0,14.5,0,14.5,14.5,14.5,34.5,0,14.5,0,,0,0,0,1,0,0,0
"Marauders, The",1947,63,NA,7.2,11,0,0,0,0,4.5,0,4.5,14.5,24.5,34.5,,1,0,0,0,0,0,0
They Only Kill Their Masters,1972,97,NA,6.1,150,4.5,4.5,4.5,4.5,14.5,24.5,24.5,14.5,4.5,4.5,,0,0,0,0,0,0,0
Cannon Movie Tales: Beauty and the Beast,1987,94,NA,6.1,101,4.5,4.5,4.5,4.5,4.5,14.5,14.5,14.5,14.5,24.5,,0,0,0,0,0,1,0
Strangers in the Night,1944,56,NA,6.6,22,14.5,0,0,0,4.5,24.5,24.5,4.5,14.5,4.5,,0,0,0,1,0,0,0
Apa,1966,95,NA,6.7,54,4.5,0,4.5,0,4.5,4.5,24.5,14.5,14.5,24.5,,0,0,0,1,0,0,0
Sutter's Gold,1936,94,2000000,5.9,22,0,14.5,4.5,14.5,4.5,14.5,14.5,14.5,4.5,4.5,,0,0,0,0,0,0,0
"Man Who Sued God, The",2001,97,NA,6.5,898,4.5,4.5,4.5,4.5,14.5,14.5,34.5,14.5,4.5,4.5,,0,0,1,1,0,0,0
Pharaoh's Army,1995,90,NA,6.6,83,4.5,4.5,0,0,4.5,4.5,4.5,24.5,24.5,24.5,PG-13,0,0,0,0,0,0,0
Nabonga,1944,75,NA,3.8,19,14.5,24.5,14.5,14.5,14.5,4.5,4.5,14.5,0,0,,0,0,0,0,0,0,0
Nidaime wa Christian,1985,101,NA,6.6,5,24.5,0,0,0,0,24.5,44.5,0,24.5,0,,1,0,1,1,0,1,0
Livin' Large!,1991,96,NA,3.9,72,14.5,4.5,14.5,14.5,24.5,4.5,4.5,4.5,4.5,4.5,,0,0,1,1,0,0,0
Waxwing,1998,15,NA,4.9,8,0,0,24.5,24.5,0,14.5,14.5,14.5,14.5,0,,0,0,0,0,0,0,1
Meet the Mob,1942,62,NA,5.8,6,0,0,0,0,34.5,14.5,34.5,0,0,14.5,,0,0,1,0,0,0,0
"Shawshank Redemption, The",1994,142,25000000,9.1,149494,4.5,4.5,4.5,4.5,4.5,4.5,4.5,14.5,24.5,45.5,R,0,0,0,1,0,0,0
"Lady Refuses, The",1931,72,NA,6.1,20,0,4.5,14.5,14.5,14.5,34.5,4.5,14.5,0,0,,0,0,0,1,0,1,0
"Man About the House, A",1947,99,NA,5.1,5,0,0,0,0,44.5,0,24.5,44.5,0,0,,0,0,0,1,0,0,0
Sanmon yakusha,2000,126,NA,7.9,9,0,0,14.5,0,0,0,24.5,45.5,14.5,0,,0,0,0,1,0,1,0
Des pissenlits par la racine,1964,95,NA,6.1,41,4.5,4.5,4.5,4.5,14.5,4.5,24.5,4.5,14.5,14.5,,0,0,1,0,0,0,0
"Garden of Eden, The",1928,78,NA,7.9,46,0,0,0,4.5,4.5,14.5,14.5,14.5,24.5,24.5,,0,0,1,1,0,0,0
"Voice of Hollywood No. 13, The",1932,12,NA,2.8,9,34.5,14.5,14.5,24.5,0,0,14.5,0,0,14.5,,0,0,1,0,0,0,1
"Only Thrill, The",1997,103,NA,5.7,154,4.5,4.5,4.5,4.5,14.5,14.5,24.5,14.5,4.5,4.5,R,0,0,0,1,0,1,0
Teachers,1984,106,NA,5.6,853,4.5,4.5,4.5,14.5,14.5,24.5,14.5,4.5,4.5,4.5,,0,0,1,1,0,0,0
Which Way Is Up?,1977,94,3200000,5.7,135,4.5,4.5,4.5,4.5,14.5,24.5,14.5,14.5,4.5,14.5,,0,0,1,0,0,0,0
Drive Me Crazy,1999,91,8000000,5.1,2934,4.5,4.5,4.5,4.5,14.5,14.5,14.5,4.5,4.5,4.5,PG-13,0,0,1,1,0,1,0
Things You Can Tell Just by Looking at Her,2000,109,NA,6.6,1779,4.5,4.5,4.5,4.5,4.5,14.5,24.5,24.5,14.5,4.5,PG-13,0,0,0,1,0,1,0
Navigatori dello spazio,1993,102,NA,3,12,64.5,0,0,4.5,0,4.5,0,4.5,0,4.5,,0,0,0,0,0,0,0
Queen's Speech,1999,2,NA,4.4,9,24.5,0,0,24.5,0,14.5,44.5,0,0,0,,0,0,1,0,0,0,1
Raven's Ridge,1997,77,NA,3.2,22,24.5,4.5,4.5,4.5,4.5,4.5,4.5,4.5,0,34.5,R,1,0,0,1,0,0,0
"Verrohung des Franz Blum, Die",1974,104,NA,6.8,28,0,4.5,0,0,4.5,14.5,34.5,4.5,14.5,24.5,,0,0,0,1,0,0,0
"Weg naar Bresson, De",1984,54,NA,7.4,9,0,0,0,0,14.5,14.5,0,14.5,14.5,45.5,,0,0,0,0,1,0,0
Assassinio sul Tevere,1979,96,NA,6.3,14,0,0,0,4.5,0,24.5,34.5,0,14.5,24.5,,0,0,0,0,0,0,0
Malta Story,1953,97,NA,6.7,134,0,4.5,0,4.5,4.5,24.5,24.5,14.5,14.5,4.5,,0,0,0,1,0,0,0
Laughter in the Dark,1969,104,NA,6.6,11,4.5,0,0,0,4.5,14.5,4.5,4.5,4.5,34.5,,0,0,0,1,0,0,0
"Container, A",2002,5,NA,6.3,5,0,24.5,0,0,24.5,0,44.5,0,24.5,0,,0,0,0,0,0,0,1
Zbrodniarz i panna,1963,80,NA,6.9,7,0,0,0,0,14.5,0,45.5,14.5,0,14.5,,0,0,0,0,0,0,0
Dulcy,1940,73,NA,5.9,24,4.5,0,4.5,4.5,4.5,14.5,34.5,14.5,4.5,4.5,,0,0,1,0,0,0,0
"Carmen, Baby",1967,97,NA,5.3,38,4.5,4.5,4.5,14.5,4.5,24.5,24.5,4.5,4.5,14.5,,0,0,0,1,0,1,0
White Chicks,2004,109,NA,4.8,4782,14.5,4.5,4.5,4.5,14.5,14.5,14.5,4.5,4.5,14.5,PG-13,0,0,1,0,0,0,0
"Happy Birthday, Gemini",1980,107,NA,4.9,36,4.5,0,14.5,14.5,4.5,24.5,14.5,14.5,4.5,4.5,,0,0,1,1,0,1,0
"Plaisir, Le",1952,93,NA,7.8,194,4.5,4.5,4.5,4.5,4.5,4.5,14.5,24.5,14.5,24.5,,0,0,1,1,0,0,0
Ups & Downs,1981,97,NA,6.5,9,0,0,14.5,14.5,14.5,0,14.5,24.5,0,34.5,,0,0,1,0,0,0,0
American Born,1991,96,NA,4.8,10,14.5,0,14.5,34.5,14.5,24.5,14.5,0,0,14.5,,0,0,0,1,0,0,0
Beyond Borders: John Sayles in Mexico,2003,56,NA,6.1,11,4.5,14.5,0,0,0,24.5,0,34.5,0,4.5,,0,0,0,0,1,0,0
Balas&Bolinhos,2001,62,NA,7,106,4.5,4.5,4.5,4.5,4.5,4.5,4.5,14.5,14.5,44.5,,0,0,1,0,0,0,0
"Maddalena, zero in condotta",1940,75,NA,6.9,21,0,0,0,4.5,0,4.5,24.5,34.5,4.5,14.5,,0,0,1,0,0,0,0
Hole Ahava B'Shikun Gimel,1995,94,NA,4.6,58,4.5,4.5,0,4.5,4.5,14.5,4.5,14.5,14.5,34.5,,0,0,1,1,0,0,0
Zip 'N Snort,1961,6,NA,7,31,0,0,4.5,0,14.5,4.5,34.5,14.5,14.5,14.5,,0,1,1,0,0,0,1
Mexican Spitfire Sees a Ghost,1942,69,NA,5.3,22,4.5,0,4.5,14.5,14.5,24.5,4.5,14.5,4.5,0,,0,0,1,0,0,0,0
Wildflowers,1999,93,NA,5.6,118,4.5,4.5,4.5,14.5,14.5,24.5,14.5,14.5,4.5,4.5,R,0,0,0,1,0,0,0
Prova d'orchestra,1978,70,NA,7.1,371,4.5,4.5,4.5,4.5,4.5,14.5,24.5,24.5,14.5,24.5,,0,0,0,1,0,0,0
"Sette di Marsa Matruh, I",1969,100,NA,3.8,12,4.5,4.5,0,14.5,14.5,34.5,0,14.5,0,0,,0,0,0,0,0,0,0
Bodas de sangre,1981,70,NA,7.5,144,4.5,0,4.5,4.5,4.5,14.5,14.5,24.5,14.5,24.5,,0,0,0,0,0,0,0
Three at Once,1986,8,NA,8.4,8,0,0,0,0,14.5,14.5,0,24.5,0,45.5,,0,0,0,0,0,0,1
Little Shop of Horrors,1986,94,30000000,6.4,8911,4.5,4.5,4.5,4.5,14.5,14.5,24.5,14.5,4.5,14.5,,0,0,1,0,0,0,0
My Six Convicts,1952,104,NA,6.4,17,4.5,0,0,0,14.5,24.5,24.5,24.5,0,4.5,,0,0,1,1,0,0,0
Kashtee-ye Angelica,1989,110,NA,5.2,5,0,0,24.5,0,44.5,24.5,24.5,0,0,0,,0,0,0,0,0,0,0
Seven Sinners,1940,87,760000,6.4,171,4.5,4.5,4.5,4.5,4.5,14.5,34.5,14.5,4.5,4.5,,0,0,1,1,0,1,0
Henrietta,1983,94,NA,6.2,15,0,0,4.5,0,4.5,24.5,14.5,24.5,24.5,4.5,,0,0,0,0,0,0,0
"Comtesse de Castiglione, La",2000,14,NA,7.1,21,0,0,4.5,0,4.5,24.5,14.5,14.5,24.5,4.5,,0,0,0,0,0,0,1
Panny z Wilka,1979,118,NA,7.2,81,4.5,0,0,4.5,4.5,4.5,14.5,24.5,14.5,24.5,,0,0,0,1,0,0,0
Dou san 3 tsi siunin dou san,1997,110,NA,7.1,52,4.5,4.5,4.5,0,4.5,4.5,14.5,24.5,4.5,24.5,,0,0,0,0,0,0,0
"Normais, Os",2003,110,NA,7.5,192,4.5,4.5,4.5,4.5,14.5,4.5,24.5,14.5,14.5,14.5,,0,0,1,0,0,0,0
Mr. Write,1994,89,NA,3.2,81,14.5,14.5,4.5,14.5,14.5,14.5,4.5,4.5,4.5,4.5,,0,0,1,1,0,0,0
Black Thunder,1997,85,NA,3.5,96,14.5,14.5,14.5,24.5,14.5,14.5,4.5,4.5,0,4.5,R,1,0,0,1,0,0,0
Silver Hermit from Shaolin Temple,1979,94,NA,4.9,18,4.5,0,14.5,14.5,4.5,14.5,24.5,14.5,0,4.5,,1,0,0,0,0,0,0
Sigade revolutsioon,2004,98,NA,6.5,89,4.5,4.5,4.5,4.5,14.5,14.5,14.5,14.5,14.5,24.5,,0,0,1,1,0,0,0
Why Daddy?,1944,10,NA,6,7,0,0,0,24.5,0,44.5,14.5,0,14.5,0,,0,0,1,0,0,0,1
Inspecteur la Bavure,1980,100,NA,6.2,180,0,4.5,4.5,4.5,14.5,34.5,24.5,14.5,4.5,4.5,,0,0,1,0,0,0,0
Half a Hero,1953,71,NA,5.9,21,14.5,4.5,4.5,4.5,4.5,4.5,34.5,14.5,0,0,,0,0,1,0,0,0,0
Savage Sam,1963,103,NA,5.8,56,4.5,4.5,4.5,4.5,4.5,24.5,24.5,4.5,4.5,14.5,,0,0,0,1,0,0,0
Mystery Submarine,1963,92,NA,6.3,7,0,0,0,0,0,14.5,44.5,14.5,0,24.5,,0,0,0,1,0,0,0
Gay Cuba,1996,57,NA,5.9,12,0,0,0,0,14.5,24.5,4.5,4.5,0,44.5,,0,0,0,0,1,0,0
"Casa de las palomas, La",1972,90,NA,4.8,7,0,14.5,0,24.5,24.5,24.5,0,0,0,0,,0,0,0,1,0,0,0
Former Child Star,1997,81,NA,2.7,11,14.5,4.5,0,0,0,14.5,4.5,4.5,0,34.5,,0,0,0,0,0,0,0
Love Crimes,1992,90,NA,3.9,260,34.5,4.5,4.5,14.5,14.5,4.5,4.5,4.5,4.5,4.5,,0,0,0,0,0,1,0
Angel in Training,1999,89,NA,4.1,38,14.5,4.5,4.5,4.5,24.5,14.5,14.5,14.5,0,4.5,,0,0,0,0,0,0,0
Bless Their Little Hearts,1984,80,NA,6.6,7,14.5,0,0,0,14.5,0,0,24.5,24.5,14.5,,0,0,0,1,0,0,0
David Searching,1997,101,22500,7.3,34,4.5,4.5,4.5,4.5,4.5,14.5,24.5,24.5,4.5,4.5,,0,0,0,1,0,0,0
Paparazzo,1995,66,NA,3.1,17,24.5,4.5,0,4.5,0,14.5,4.5,0,0,44.5,,0,0,0,1,0,0,0
Ten Little Maidens,1985,88,NA,5.5,16,14.5,0,0,4.5,14.5,0,4.5,14.5,14.5,24.5,,0,0,0,0,0,0,0
"Loves of Carmen, The",1948,99,NA,5.7,71,4.5,4.5,4.5,4.5,14.5,24.5,14.5,4.5,4.5,14.5,,0,0,0,1,0,0,0
Yeh Hai Jalwa,2002,165,NA,6.1,24,4.5,4.5,4.5,0,4.5,24.5,14.5,4.5,4.5,34.5,,0,0,1,1,0,1,0
Under Cover,1987,94,NA,4.8,49,4.5,4.5,14.5,14.5,24.5,14.5,14.5,4.5,0,4.5,,1,0,0,0,0,0,0
Auf allen Meeren,2002,95,NA,5.6,9,0,0,0,14.5,34.5,0,14.5,24.5,14.5,14.5,,0,0,0,0,1,0,0
Good-bye Cruel World,1983,90,NA,3,12,45.5,0,4.5,4.5,0,0,0,4.5,0,24.5,,0,0,1,0,0,0,0
Pokuszenie,1995,12,NA,6,10,0,0,0,34.5,0,14.5,14.5,24.5,24.5,14.5,,0,0,0,1,0,1,1
"Ekdromi, I",1966,85,NA,9.9,7,0,0,0,0,0,0,0,0,14.5,84.5,,0,0,0,1,0,1,0
"Taming Power of the Small, The",1995,30,NA,5,6,14.5,0,0,0,34.5,0,0,0,0,45.5,,0,0,0,0,0,0,1
Frauen im Liebeslager,1977,69,NA,5.4,27,0,4.5,24.5,0,14.5,34.5,4.5,4.5,4.5,4.5,,1,0,0,0,0,0,0
Tip Tap Toe,1932,19,NA,6.2,10,0,14.5,0,14.5,14.5,14.5,24.5,14.5,24.5,14.5,,0,0,1,0,0,0,1
"Coda dello scorpione, La",1971,90,NA,6.8,50,4.5,0,0,4.5,14.5,14.5,24.5,24.5,14.5,14.5,,0,0,0,0,0,0,0
We Dive at Dawn,1943,98,NA,6.7,121,0,0,4.5,4.5,4.5,14.5,34.5,24.5,4.5,4.5,,1,0,0,1,0,0,0
"Singing Hill, The",1941,75,NA,4.3,6,14.5,0,0,0,34.5,0,34.5,0,14.5,0,,0,0,0,0,0,0,0
"Vieille qui marchait dans la mer, La",1991,95,NA,7.1,74,4.5,4.5,0,4.5,4.5,14.5,14.5,24.5,14.5,14.5,,0,0,1,0,0,0,0
"Psychotronic Man, The",1980,90,NA,1.8,34,64.5,4.5,4.5,0,0,14.5,0,0,0,4.5,,0,0,0,0,0,0,0
Living in Oblivion,1995,90,NA,7.4,3438,4.5,4.5,4.5,4.5,4.5,4.5,24.5,24.5,14.5,14.5,R,0,0,1,1,0,0,0
Lulu in Berlin,1984,50,NA,6.1,10,0,0,0,0,14.5,34.5,14.5,34.5,0,24.5,,0,0,0,0,1,0,0
Syntipukki,1957,95,NA,6,8,0,0,0,14.5,14.5,14.5,14.5,24.5,14.5,14.5,,0,0,1,0,0,0,0
Pickpocket,1959,79,NA,7.8,596,4.5,4.5,4.5,4.5,4.5,4.5,14.5,14.5,14.5,34.5,,0,0,0,1,0,0,0
"Story of the Kelly Gang, The",1906,70,2250,6,13,4.5,0,0,0,14.5,0,4.5,14.5,0,45.5,,0,0,0,0,0,0,0
Fiebre,1970,90,NA,5.1,14,4.5,0,14.5,0,4.5,14.5,0,4.5,4.5,44.5,,0,0,0,1,0,0,0
Legion of the Night,1995,85,80000,4,27,24.5,4.5,14.5,4.5,14.5,4.5,0,4.5,4.5,24.5,,1,0,0,0,0,0,0
Julius Caesar,1953,120,NA,7.5,1094,4.5,4.5,4.5,4.5,4.5,14.5,24.5,24.5,14.5,14.5,,0,0,0,1,0,0,0
"Specialisti, Gli",1970,104,NA,5.6,18,4.5,0,0,0,24.5,14.5,14.5,14.5,14.5,14.5,,0,0,0,0,0,0,0
Colorado Sundown,1952,67,NA,6.3,12,0,0,0,4.5,34.5,4.5,24.5,14.5,0,4.5,,0,0,0,0,0,0,0
Zhertva vechernyaya,1987,20,NA,7.7,11,0,0,0,0,14.5,0,0,14.5,0,64.5,,0,0,0,0,0,0,1
"Bride and the Beast, The",1958,78,NA,2.3,42,44.5,14.5,14.5,4.5,4.5,4.5,4.5,0,4.5,14.5,,0,0,0,0,0,0,0
Night and the City,1950,96,NA,7.9,405,4.5,0,4.5,4.5,4.5,4.5,14.5,24.5,14.5,24.5,,0,0,0,0,0,0,0
Dancing North,2000,98,NA,3.7,7,14.5,14.5,24.5,0,14.5,24.5,0,0,0,0,,0,0,1,0,0,0,0
Detektor,2000,104,NA,7.2,494,4.5,4.5,4.5,4.5,4.5,14.5,24.5,34.5,14.5,4.5,,0,0,1,1,0,0,0
Chunyudleui jeonyuksiksah,1998,105,NA,5.5,76,4.5,0,4.5,4.5,4.5,14.5,24.5,24.5,4.5,4.5,,0,0,0,0,0,0,0
Beauty for the Asking,1939,68,NA,5.5,29,0,4.5,14.5,0,14.5,44.5,14.5,14.5,4.5,4.5,,0,0,0,1,0,0,0
Tainstvennyy ostrov,1941,75,NA,6.1,6,0,0,0,0,0,34.5,14.5,34.5,0,14.5,,0,0,0,0,0,0,0
Superstition,1982,85,NA,4.8,159,4.5,4.5,4.5,14.5,14.5,14.5,14.5,14.5,4.5,14.5,,0,0,0,0,0,0,0
"Candide madame Duff, La",2000,90,NA,4,5,24.5,0,24.5,0,44.5,24.5,0,0,0,0,,0,0,0,0,0,0,0
"Vault, The",2005,87,100000,2.4,64,45.5,4.5,4.5,4.5,4.5,4.5,4.5,4.5,4.5,4.5,PG-13,1,0,0,0,0,0,0
Forgotten Heroes,2004,13,NA,8.6,5,0,0,0,0,24.5,0,0,24.5,0,64.5,,0,0,0,0,0,0,1
Chrome and Hot Leather,1971,91,NA,4.5,48,4.5,14.5,14.5,4.5,14.5,4.5,14.5,0,4.5,24.5,PG-13,1,0,0,1,0,0,0
Una di quelle,1953,98,NA,7.7,10,0,0,0,14.5,0,0,34.5,34.5,0,34.5,,0,0,0,0,0,0,0
Rex the Runt: How Dinosaurs Became Extinct,1994,73,NA,7.8,5,0,0,0,0,0,24.5,44.5,0,0,44.5,,0,1,0,0,0,0,0
Pygmalion,1938,89,350000,7.7,887,4.5,4.5,4.5,4.5,4.5,4.5,14.5,24.5,24.5,24.5,,0,0,1,1,0,0,0
King Neptune,1932,7,NA,5.3,16,0,0,4.5,14.5,24.5,34.5,4.5,4.5,0,4.5,,0,1,0,0,0,0,1
Tarzan's Revenge,1938,70,NA,4.9,112,4.5,4.5,4.5,4.5,4.5,4.5,4.5,14.5,14.5,24.5,,1,0,0,0,0,0,0
"Chase, The",1994,89,NA,5.3,3224,4.5,4.5,4.5,14.5,14.5,24.5,14.5,4.5,4.5,4.5,,1,0,1,0,0,1,0
"Scarlet Empress, The",1934,104,900000,7.5,579,4.5,4.5,4.5,4.5,4.5,4.5,14.5,24.5,14.5,24.5,,0,0,0,1,0,0,0
Un pont entre deux rives,1999,95,NA,6.3,190,4.5,0,4.5,4.5,14.5,24.5,34.5,24.5,4.5,4.5,,0,0,0,1,0,1,0
Once Bitten,1985,94,3200000,4.8,1556,4.5,4.5,14.5,14.5,24.5,14.5,14.5,4.5,4.5,4.5,,0,0,1,0,0,0,0
Brother,2000,114,12000000,7.1,4322,4.5,4.5,4.5,4.5,4.5,14.5,24.5,24.5,14.5,14.5,R,0,0,0,0,0,0,0
"Erika und Klaus Mann Story, Die",2000,85,NA,6.6,40,0,4.5,4.5,4.5,4.5,14.5,14.5,24.5,14.5,14.5,,0,0,0,1,0,0,0
Greetings,1968,88,39000,5.6,349,4.5,4.5,4.5,14.5,14.5,14.5,14.5,14.5,4.5,4.5,,0,0,1,0,0,0,0
Dementia,1955,56,NA,6.5,103,4.5,4.5,4.5,4.5,4.5,24.5,4.5,14.5,14.5,34.5,,0,0,0,0,0,0,0
Prerokbe Ognja,1996,90,NA,8.1,14,0,0,0,0,0,0,24.5,14.5,14.5,44.5,,0,0,0,0,1,0,0
Rendez-vous,1985,87,NA,6.7,221,4.5,4.5,4.5,4.5,4.5,14.5,24.5,24.5,4.5,14.5,,0,0,0,1,0,0,0
"Missionary, The",1982,90,NA,6.1,416,4.5,4.5,4.5,4.5,14.5,24.5,14.5,14.5,4.5,4.5,,0,0,1,0,0,0,0
'38,1987,97,NA,6.6,18,4.5,4.5,4.5,0,0,0,34.5,14.5,4.5,24.5,,0,0,0,1,0,0,0
"Millionaire for Christy, A",1951,91,NA,6.2,26,0,0,4.5,4.5,14.5,14.5,24.5,14.5,4.5,14.5,,0,0,1,0,0,1,0
Filet Meow,1966,6,NA,5,12,4.5,14.5,4.5,0,4.5,24.5,4.5,24.5,0,0,,0,1,1,0,0,0,1
"Riders of the Whistling Skull, The",1937,58,NA,6.6,19,4.5,0,4.5,4.5,14.5,4.5,24.5,24.5,14.5,14.5,,0,0,0,0,0,0,0
Bottle Rocket,1994,13,NA,7.4,457,4.5,4.5,4.5,4.5,4.5,4.5,14.5,14.5,14.5,34.5,,0,0,1,0,0,0,1
Ndeysaan,2002,90,NA,6.5,19,0,0,4.5,4.5,14.5,14.5,44.5,14.5,4.5,0,,0,0,0,1,0,0,0
Havanna mi amor,2000,82,NA,5.9,25,0,4.5,0,14.5,4.5,14.5,24.5,4.5,24.5,0,,0,0,0,0,1,0,0
Act of Piracy,1988,101,NA,4.2,73,4.5,4.5,14.5,14.5,14.5,14.5,4.5,4.5,4.5,4.5,,1,0,0,0,0,0,0
"Turm der verbotenen Liebe, Der",1968,89,NA,4.7,18,24.5,14.5,4.5,14.5,14.5,24.5,4.5,0,0,0,,0,0,0,1,0,0,0
Amy,1997,9,NA,4.5,9,34.5,0,0,14.5,0,14.5,24.5,14.5,14.5,0,,0,0,0,0,0,0,1
Oublie-moi,1994,95,NA,6.9,42,4.5,4.5,4.5,4.5,4.5,4.5,14.5,14.5,24.5,14.5,,0,0,0,0,0,0,0
Nachbarinnen,2004,88,NA,7,9,0,14.5,0,0,0,24.5,34.5,0,24.5,14.5,,0,0,0,1,0,0,0
Dream Deceivers: The Story Behind James Vance Vs. Judas Priest,1992,60,NA,6.1,27,4.5,0,0,0,4.5,14.5,4.5,24.5,14.5,24.5,,0,0,0,0,1,0,0
Biohunter,1995,58,NA,4.8,83,4.5,4.5,4.5,14.5,4.5,14.5,24.5,4.5,4.5,14.5,,0,1,0,0,0,0,0
Jing cha gu shi III: Chao ji jing cha,1992,95,900000,6.7,2024,4.5,4.5,4.5,4.5,4.5,14.5,24.5,24.5,14.5,14.5,R,1,0,1,0,0,0,0
"Hush... Hush, Sweet Charlotte",1964,133,1900000,7.3,1293,4.5,4.5,4.5,4.5,4.5,4.5,14.5,24.5,14.5,24.5,,0,0,0,0,0,0,0
Free to Love,1925,60,NA,7.5,7,0,0,0,0,14.5,14.5,0,24.5,24.5,14.5,,0,0,0,1,0,0,0
Sarons ros och gubbarna i Knohult,1968,100,NA,2.7,12,4.5,14.5,45.5,4.5,0,4.5,0,0,0,0,,0,0,1,0,0,0,0
Before the Nickelodeon: The Cinema of Edwin S. Porter,1982,60,NA,6,16,0,0,0,14.5,14.5,14.5,4.5,14.5,4.5,24.5,,0,0,0,0,1,0,0
Nightmares,1983,99,NA,4.7,268,4.5,4.5,14.5,14.5,24.5,14.5,4.5,4.5,4.5,4.5,,0,0,0,0,0,0,0
Fo Zhang luo han quan,1980,86,NA,5.9,60,4.5,0,4.5,0,4.5,14.5,14.5,24.5,4.5,24.5,,1,0,0,0,0,0,0
Blockade,1938,85,NA,5.8,49,0,4.5,0,14.5,24.5,24.5,14.5,14.5,4.5,0,,0,0,0,1,0,0,0
Sistole Diastole,1997,22,NA,4.8,16,4.5,34.5,0,0,4.5,4.5,24.5,14.5,0,4.5,,0,0,0,0,0,0,1
To Die For,1989,94,NA,5,94,4.5,4.5,4.5,4.5,14.5,14.5,14.5,4.5,4.5,14.5,,0,0,0,0,0,1,0
Superprodukcja,2003,92,NA,5.1,80,4.5,4.5,14.5,14.5,14.5,14.5,4.5,14.5,4.5,4.5,,0,0,1,0,0,0,0
Thursday,1998,87,NA,6.6,1572,4.5,4.5,4.5,4.5,4.5,14.5,24.5,24.5,14.5,14.5,R,1,0,0,0,0,0,0
Goopy Geer,1932,6,NA,5.9,12,14.5,4.5,4.5,0,14.5,24.5,0,0,4.5,14.5,,0,1,1,0,0,0,1
Exhuming Tyler,1999,22,NA,5.3,14,0,0,4.5,4.5,24.5,4.5,24.5,14.5,4.5,14.5,,0,0,0,1,0,0,1
"Perfect Furlough, The",1958,93,NA,6.1,115,4.5,4.5,4.5,4.5,14.5,24.5,24.5,14.5,4.5,4.5,,0,0,1,0,0,0,0
"Battle at Apache Pass, The",1952,85,NA,6.4,40,0,0,0,14.5,14.5,14.5,44.5,14.5,4.5,4.5,,0,0,0,0,0,0,0
Serpent of the Nile,1953,81,NA,4,19,0,14.5,14.5,24.5,14.5,14.5,14.5,0,4.5,0,,0,0,0,0,0,0,0
First Men in the Moon,1964,103,NA,6.3,455,4.5,4.5,4.5,4.5,4.5,24.5,24.5,14.5,4.5,4.5,,0,0,0,0,0,0,0
Interviews with My Next Girlfriend,2002,13,NA,6.5,23,0,4.5,0,4.5,0,0,24.5,24.5,4.5,34.5,,0,0,0,0,0,0,1
Monkey Business,1952,97,NA,7.1,1381,4.5,4.5,4.5,4.5,4.5,14.5,24.5,24.5,14.5,4.5,,0,0,1,0,0,0,0
Cats Don't Dance,1997,75,32000000,6.4,366,4.5,4.5,4.5,4.5,4.5,14.5,14.5,14.5,14.5,24.5,,0,1,1,0,0,0,0
Above the Dust Level,1999,9,NA,6.5,47,0,4.5,4.5,14.5,4.5,4.5,4.5,4.5,14.5,34.5,,0,0,1,0,0,0,1
Canzoni nel mondo,1963,86,NA,7.4,5,0,0,0,0,44.5,0,24.5,0,0,44.5,,0,0,0,0,0,0,0
Excessive Force II: Force on Force,1995,88,NA,4.3,81,4.5,14.5,4.5,14.5,14.5,4.5,14.5,4.5,4.5,14.5,,1,0,0,1,0,0,0
"Chess Dispute, A",1903,1,NA,6.3,27,4.5,4.5,0,4.5,4.5,14.5,24.5,24.5,4.5,4.5,,0,0,1,0,0,0,1
Out of the Inkwell,1938,6,NA,4.5,5,24.5,0,0,0,24.5,24.5,0,24.5,24.5,0,,0,1,0,0,0,0,1
Mua oi,2000,100,NA,7.5,24,4.5,0,0,4.5,0,14.5,4.5,24.5,24.5,14.5,,0,0,0,1,0,0,0
"Cara que Mereces, A",2004,108,NA,5.7,12,4.5,0,0,4.5,4.5,34.5,24.5,0,0,14.5,,0,0,0,0,0,0,0
Burn,2002,10,NA,7.4,5,0,0,0,0,0,24.5,44.5,0,0,44.5,,0,0,0,0,0,0,1
Heat Wave,1935,72,NA,5.3,7,0,0,14.5,14.5,14.5,44.5,14.5,0,0,0,,0,0,1,0,0,0,0
"Trollenberg Terror, The",1958,84,NA,4.3,357,14.5,4.5,14.5,4.5,14.5,14.5,14.5,14.5,4.5,14.5,,0,0,0,0,0,0,0
Jagte Raho,1956,153,NA,7.9,34,0,0,0,0,4.5,0,0,14.5,4.5,74.5,,0,0,0,0,0,0,0
Buffalo Gun,1961,72,NA,4.7,5,24.5,0,0,24.5,24.5,0,24.5,24.5,0,0,,0,0,0,0,0,0,0
Leva livet,2001,95,NA,5.3,166,4.5,4.5,4.5,14.5,14.5,24.5,14.5,14.5,4.5,4.5,,0,0,0,1,0,0,0
Men of Respect,1991,113,NA,4.9,201,4.5,4.5,4.5,14.5,14.5,14.5,14.5,4.5,4.5,4.5,,0,0,0,1,0,0,0
"Devil's Disciple, The",1959,85,NA,6.9,185,4.5,4.5,0,4.5,4.5,14.5,24.5,24.5,14.5,4.5,,0,0,1,0,0,0,0
Tarnation,2003,88,0,7.7,596,4.5,4.5,4.5,4.5,4.5,4.5,14.5,14.5,14.5,24.5,,0,0,0,0,1,0,0
"Story of Healing, A",1997,28,NA,8.2,5,0,0,0,0,24.5,0,0,44.5,0,44.5,,0,0,0,0,1,0,1
"Chica del lunes, La",1967,78,NA,5.4,11,4.5,0,0,0,24.5,24.5,14.5,0,4.5,4.5,,0,0,0,1,0,0,0
True Blue,2001,97,NA,5.2,185,4.5,4.5,4.5,14.5,24.5,24.5,14.5,4.5,4.5,4.5,R,0,0,0,1,0,0,0
Innocence Lost,1987,75,NA,6.8,14,0,0,0,4.5,4.5,0,0,14.5,34.5,34.5,,0,0,0,0,0,0,0
Lorenzo's Oil,1992,129,NA,6.9,2650,4.5,4.5,4.5,4.5,4.5,14.5,24.5,24.5,14.5,14.5,,0,0,0,1,0,0,0
Rio Rita,1942,91,NA,5.2,79,4.5,4.5,4.5,14.5,14.5,24.5,14.5,14.5,4.5,4.5,,0,0,1,0,0,0,0
River Red,1998,104,NA,5.5,63,4.5,0,4.5,4.5,14.5,14.5,34.5,4.5,4.5,4.5,R,0,0,0,1,0,0,0
Oily Hare,1952,7,NA,7.3,34,0,0,4.5,4.5,4.5,14.5,34.5,24.5,0,14.5,,0,1,1,0,0,0,1
"Lost Hurl, The",1997,6,NA,1.5,8,34.5,0,0,0,0,14.5,0,0,0,45.5,,0,1,1,0,0,0,1
Dolly Dearest,1992,93,NA,3.7,168,14.5,14.5,14.5,14.5,24.5,4.5,4.5,4.5,4.5,4.5,R,0,0,0,0,0,0,0
My Sister Eileen,1942,96,NA,7.2,60,0,4.5,0,4.5,0,14.5,14.5,24.5,14.5,24.5,,0,0,1,0,0,0,0
Thunder Rock,1943,112,NA,6.3,51,0,4.5,4.5,4.5,14.5,4.5,24.5,24.5,4.5,14.5,,0,0,0,1,0,0,0
Dog Days,2000,24,NA,5,37,4.5,4.5,4.5,4.5,0,24.5,14.5,14.5,4.5,14.5,,0,0,0,0,0,0,1
Assault on Precinct 13,2005,109,20000000,6.3,2960,4.5,4.5,4.5,4.5,4.5,14.5,24.5,14.5,4.5,4.5,R,1,0,0,1,0,0,0
Gorky Park,1983,130,NA,6.6,2217,4.5,4.5,4.5,4.5,14.5,24.5,34.5,14.5,4.5,4.5,,0,0,0,1,0,0,0
"Last American Virgin, The",1982,92,NA,5.3,1033,4.5,4.5,4.5,4.5,4.5,14.5,14.5,14.5,4.5,14.5,,0,0,1,1,0,0,0
Sugar and Spies,1966,6,NA,5.3,15,0,0,14.5,24.5,4.5,24.5,24.5,4.5,0,0,,0,1,1,0,0,0,1
Janggunui adeul,1990,108,NA,7.5,36,0,0,4.5,0,4.5,4.5,44.5,24.5,4.5,14.5,,0,0,0,1,0,0,0
"Best Two Years, The",2003,112,NA,7,174,14.5,4.5,4.5,4.5,4.5,4.5,4.5,4.5,14.5,34.5,PG,0,0,1,0,0,0,0
Daffy's Inn Trouble,1961,6,NA,6.5,38,0,0,0,4.5,14.5,24.5,24.5,14.5,0,4.5,,0,1,1,0,0,0,1
"Letzte Ritt nach Santa Cruz, Der",1964,95,NA,3.1,12,4.5,34.5,14.5,0,4.5,14.5,4.5,0,4.5,0,,0,0,0,0,0,0,0
Men Seeking Women,1997,92,NA,3.7,69,24.5,4.5,14.5,14.5,4.5,14.5,14.5,4.5,0,4.5,,0,0,1,0,0,0,0
"Basketball Fix, The",1951,65,NA,4.6,12,4.5,4.5,0,0,14.5,44.5,14.5,4.5,0,0,,0,0,0,1,0,0,0
"Great Skycopter Rescue, The",1978,96,NA,3.1,8,24.5,14.5,0,14.5,14.5,0,0,14.5,0,24.5,,1,0,0,0,0,0,0
"Blackout, The",1997,98,NA,4.4,526,14.5,4.5,4.5,14.5,14.5,14.5,14.5,4.5,4.5,4.5,R,0,0,0,1,0,0,0
"Vampire's Ghost, The",1945,59,NA,6.7,11,0,0,0,0,24.5,24.5,0,24.5,4.5,4.5,,0,0,0,0,0,0,0
Kind Lady,1935,76,NA,6.5,18,0,0,0,0,14.5,4.5,34.5,34.5,14.5,0,,0,0,0,1,0,0,0
"Grandes vacances, Les",1967,100,NA,6.2,179,0,4.5,4.5,4.5,14.5,24.5,24.5,4.5,4.5,4.5,,0,0,1,0,0,0,0
Grosse fatigue,1994,92,NA,6.5,417,4.5,4.5,4.5,4.5,4.5,24.5,24.5,24.5,4.5,4.5,R,0,0,1,0,0,0,0
Manhattan Merry-Go-Round,1937,89,NA,6.4,10,0,0,0,0,24.5,24.5,34.5,14.5,14.5,14.5,,0,0,1,0,0,0,0
"Insatisfaite, L'",1972,90,NA,4.1,6,14.5,34.5,0,0,34.5,14.5,0,0,0,0,,0,0,0,0,0,0,0
"Browning Version, The",1994,97,NA,7.2,684,4.5,4.5,4.5,4.5,4.5,14.5,24.5,24.5,14.5,14.5,,0,0,0,1,0,0,0
Ciudad de ciegos,1991,87,NA,7.2,9,0,14.5,0,0,0,0,44.5,34.5,14.5,0,,0,0,0,1,0,0,0
Nothing But the Tooth,1948,7,NA,6.5,21,0,14.5,0,4.5,14.5,14.5,34.5,14.5,0,4.5,,0,1,1,0,0,0,1
It's Hummer Time,1950,7,NA,6.6,12,0,0,0,0,4.5,24.5,44.5,24.5,0,0,,0,1,1,0,0,0,1
"Apple a Day, An",2003,7,NA,8.7,6,0,0,0,0,0,14.5,14.5,0,14.5,45.5,,0,0,0,1,0,0,1
"Platinum Triangle, The",1989,91,NA,2.2,6,34.5,0,0,0,14.5,0,14.5,0,14.5,14.5,,0,0,0,0,0,0,0
Chelovek s kinoapparatom,1929,68,NA,7.9,1199,4.5,4.5,4.5,4.5,4.5,4.5,4.5,14.5,14.5,44.5,,0,0,0,0,1,0,0
Pani minister tanczy,1937,87,NA,5.4,10,0,0,14.5,14.5,14.5,24.5,14.5,34.5,14.5,0,,0,0,1,0,0,1,0
"Big Parade of Comedy, The",1964,90,NA,6.5,71,4.5,4.5,4.5,4.5,14.5,14.5,24.5,4.5,4.5,14.5,,0,0,1,0,1,0,0
School's Out,1930,20,NA,7.3,56,0,4.5,0,4.5,4.5,4.5,14.5,14.5,24.5,24.5,,0,0,1,0,0,0,1
"Rajita para dos, Una",1984,91,NA,6.8,7,14.5,0,0,0,0,14.5,0,74.5,0,0,,0,0,0,0,0,0,0
Satyricon,1969,129,3000000,6.5,1879,4.5,4.5,4.5,4.5,4.5,14.5,14.5,14.5,14.5,14.5,,0,0,1,1,0,1,0
"Mazzetta, La",1978,110,NA,7,6,0,0,0,0,0,0,64.5,14.5,0,14.5,,0,0,1,0,0,0,0
Uncle Buck,1989,100,NA,6.3,6716,4.5,4.5,4.5,4.5,14.5,24.5,24.5,14.5,4.5,4.5,,0,0,1,1,0,0,0
"Jesse 'The Body' Ventura: The Man, the Myth, the Legend",1999,60,NA,4.4,29,24.5,14.5,0,4.5,14.5,24.5,14.5,14.5,0,4.5,,0,0,0,0,1,0,0
Scrooge McDuck and Money,1967,15,NA,4.9,53,14.5,4.5,0,0,4.5,4.5,24.5,4.5,4.5,24.5,,0,1,1,0,0,0,1
"Hire: Beat the Devil, The",2002,11,NA,7.1,729,4.5,4.5,4.5,4.5,4.5,14.5,14.5,24.5,14.5,14.5,,1,0,1,0,0,0,1
Breaking Point,1993,92,NA,4.8,69,4.5,4.5,4.5,14.5,24.5,24.5,4.5,14.5,4.5,4.5,,0,0,0,0,0,0,0
Villa Rides,1968,125,NA,5.8,160,4.5,4.5,4.5,4.5,14.5,14.5,24.5,14.5,4.5,14.5,,0,0,0,0,0,0,0
Slipstream,2005,89,NA,3.8,199,24.5,4.5,4.5,4.5,4.5,4.5,4.5,4.5,4.5,24.5,,0,0,0,0,0,0,0
Say You'll Be Mine,1999,96,NA,5.7,17,14.5,0,4.5,14.5,0,4.5,14.5,24.5,4.5,24.5,,0,0,1,0,0,1,0
"Soplagaitas, El",1980,85,NA,1.7,11,34.5,24.5,0,0,4.5,0,0,0,0,24.5,,0,0,1,0,0,0,0
Ghost,1990,128,22000000,6.8,19005,4.5,4.5,4.5,4.5,4.5,14.5,24.5,24.5,14.5,4.5,,0,0,0,1,0,1,0
"Mark, The",1961,127,NA,7.7,69,0,4.5,0,4.5,4.5,4.5,14.5,24.5,34.5,4.5,,0,0,0,1,0,0,0
Golpe de estadio,1998,105,NA,7.3,88,4.5,4.5,4.5,4.5,4.5,4.5,14.5,24.5,14.5,24.5,,0,0,1,0,0,1,0
Gritos en la noche,1962,86,NA,5.3,162,4.5,4.5,4.5,4.5,14.5,14.5,24.5,14.5,4.5,4.5,,0,0,0,0,0,0,0
Love in a Taxi,1980,90,NA,7.7,5,0,0,24.5,0,0,0,24.5,44.5,0,24.5,,0,0,0,1,0,1,0
Dead Man's Eyes,1944,64,NA,5.7,29,4.5,0,4.5,4.5,24.5,24.5,14.5,4.5,0,14.5,,0,0,0,0,0,0,0
Primary,1960,60,NA,7.1,74,4.5,0,4.5,0,4.5,24.5,14.5,24.5,24.5,4.5,,0,0,0,0,1,0,0
Porky's Road Race,1937,7,NA,6.7,9,0,0,0,0,0,24.5,44.5,24.5,0,14.5,,0,1,1,0,0,0,1
Klassikko,2001,80,NA,6.7,209,4.5,4.5,4.5,4.5,4.5,14.5,24.5,14.5,14.5,14.5,,0,0,1,1,0,0,0
Triple agent,2004,115,NA,6.4,137,4.5,4.5,4.5,4.5,4.5,24.5,14.5,14.5,14.5,4.5,,0,0,0,1,0,0,0
"Interruption, The",2004,25,70000,5.5,14,0,0,24.5,0,0,4.5,14.5,0,0,45.5,,0,0,0,1,0,0,1
Trap Happy Porky,1945,6,NA,7.2,38,0,4.5,4.5,0,14.5,4.5,24.5,14.5,4.5,14.5,,0,1,1,0,0,0,1
America the Beautiful,1975,20,NA,9.4,9,0,14.5,0,0,0,0,0,14.5,34.5,44.5,,0,0,0,0,1,0,1
11'09''01 - September 11,2002,134,NA,6.9,1264,4.5,4.5,4.5,4.5,4.5,14.5,14.5,24.5,14.5,14.5,,0,0,0,1,0,0,0
Visite,1994,7,NA,6,5,0,0,0,0,0,64.5,44.5,0,0,0,,0,0,0,0,0,0,1
"Collectionneur, Le",2002,110,NA,6.6,194,4.5,4.5,4.5,4.5,4.5,4.5,34.5,24.5,4.5,4.5,,0,0,0,0,0,0,0
Where No Vultures Fly,1951,107,NA,6.6,14,0,0,0,0,4.5,24.5,34.5,34.5,0,0,,0,0,0,1,0,0,0
Dog Brain,1988,3,NA,4.2,8,24.5,0,14.5,14.5,0,0,24.5,0,0,24.5,,0,1,1,0,0,0,1
Xuxa e os Duendes,2001,90,NA,2.1,113,64.5,14.5,4.5,4.5,4.5,4.5,0,4.5,4.5,4.5,,0,0,1,0,0,0,0
No Holds Barred,1989,93,NA,3.5,1007,24.5,14.5,14.5,14.5,4.5,4.5,4.5,4.5,4.5,14.5,,1,0,0,0,0,0,0
Salty O'Rourke,1945,100,NA,6.5,25,0,14.5,0,14.5,0,14.5,24.5,4.5,4.5,14.5,,0,0,0,1,0,0,0
El Alamein,2002,117,NA,7.3,131,0,4.5,0,0,4.5,14.5,24.5,34.5,14.5,4.5,,0,0,0,1,0,0,0
Up for Grabs,2003,7,NA,9.3,10,0,0,0,0,14.5,0,14.5,0,14.5,74.5,,0,0,1,0,0,0,1
Dating: Do's and Don'ts,1949,13,NA,4,13,14.5,4.5,24.5,0,24.5,4.5,14.5,0,4.5,0,,0,0,0,1,0,0,1
Familien Gregersen,2004,240,NA,5.1,46,4.5,4.5,4.5,4.5,14.5,14.5,14.5,14.5,0,14.5,,0,0,0,1,0,0,0
Olsen-bandens sidste stik,1998,105,NA,4.7,190,4.5,4.5,14.5,14.5,24.5,14.5,14.5,4.5,4.5,4.5,,0,0,1,0,0,0,0
30 Years of Fun,1963,85,NA,6.7,15,14.5,0,0,24.5,4.5,0,24.5,4.5,4.5,24.5,,0,0,1,0,0,0,0
Creeps,1956,16,NA,6,31,4.5,4.5,14.5,4.5,4.5,14.5,14.5,4.5,0,14.5,,0,0,1,0,0,0,1
Trasgredire,2000,84,NA,4.7,126,14.5,4.5,14.5,4.5,4.5,14.5,14.5,4.5,4.5,14.5,,0,0,1,1,0,0,0
Lemming Aid,1994,12,NA,5.6,14,0,0,0,0,45.5,0,14.5,14.5,14.5,4.5,,0,0,1,1,0,0,1
"Sepolcro dei re, Il",1960,93,NA,4.9,13,0,0,4.5,14.5,34.5,14.5,0,24.5,0,4.5,,0,0,0,0,0,0,0
Aitsu to watashi,1961,105,NA,5,5,0,24.5,0,24.5,0,0,0,44.5,24.5,0,,0,0,1,0,0,0,0
Famous Boners,1942,10,NA,6.1,5,0,0,0,0,44.5,0,64.5,0,0,0,,0,0,0,0,1,0,1
"Sultans, Les",1966,94,NA,5.3,6,0,0,34.5,0,14.5,14.5,14.5,0,0,14.5,,0,0,0,1,0,0,0
Koskenlaskijan morsian,1937,83,NA,8.7,9,0,0,0,0,14.5,24.5,14.5,24.5,24.5,14.5,,0,0,0,1,0,0,0
"Working Man, The",1933,78,199000,7.7,110,4.5,0,0,4.5,4.5,4.5,14.5,4.5,24.5,64.5,,0,0,1,1,0,0,0
Fuyajo,1998,122,NA,7.3,109,4.5,4.5,0,4.5,4.5,4.5,24.5,24.5,24.5,14.5,,0,0,0,0,0,0,0
Picture Mommy Dead,1966,88,NA,3.5,42,14.5,4.5,14.5,4.5,4.5,14.5,14.5,4.5,4.5,14.5,,0,0,0,0,0,0,0
Catch Us If You Can,1965,91,NA,5.7,77,4.5,4.5,4.5,4.5,14.5,14.5,14.5,14.5,14.5,24.5,,0,0,1,0,0,0,0
Married/Unmarried,2001,102,NA,5.9,42,4.5,4.5,4.5,0,4.5,4.5,14.5,34.5,24.5,14.5,,0,0,0,1,0,0,0
Bride and Gloom,1947,16,NA,6.9,6,0,0,14.5,14.5,0,0,14.5,14.5,14.5,14.5,,0,0,1,0,0,0,1
All Dogs Go to Heaven,1989,89,NA,5.5,1769,4.5,4.5,4.5,4.5,14.5,24.5,14.5,14.5,4.5,4.5,,0,1,0,0,0,0,0
Dangerous Proposition,1998,105,NA,5.5,40,14.5,14.5,4.5,0,4.5,4.5,4.5,0,14.5,44.5,,0,0,0,1,0,0,0
"Jigsaw Man, The",1983,94,NA,5.2,215,4.5,4.5,4.5,14.5,24.5,34.5,14.5,4.5,4.5,4.5,,0,0,0,0,0,0,0
How to Sleep,1953,7,NA,6.5,49,4.5,4.5,0,0,14.5,24.5,24.5,14.5,4.5,14.5,,0,1,1,0,0,0,1
Ring of Desire,1981,57,NA,5,7,14.5,0,0,0,14.5,14.5,44.5,14.5,0,0,,0,0,0,0,0,0,0
"Cangaceiro, O",1953,105,NA,7.8,62,0,0,0,4.5,4.5,4.5,4.5,24.5,34.5,24.5,,1,0,0,1,0,0,0
Comme un boomerang,1976,100,NA,7.4,109,4.5,0,4.5,0,4.5,4.5,14.5,14.5,14.5,45.5,,0,0,0,0,0,0,0
Operation Bluebird,1999,15,NA,4.4,8,0,24.5,0,34.5,0,14.5,14.5,0,14.5,0,,1,0,0,0,0,0,1
You Nazty Spy!,1940,18,NA,7.9,120,4.5,4.5,4.5,4.5,4.5,4.5,24.5,14.5,24.5,34.5,,0,0,1,0,0,0,1
Wallace & Gromit: The Wrong Trousers,1993,30,NA,8.4,14976,4.5,4.5,4.5,4.5,4.5,4.5,14.5,14.5,24.5,34.5,,0,1,1,0,0,0,1
Samba,1965,106,NA,6.8,13,4.5,0,4.5,0,4.5,4.5,34.5,24.5,4.5,4.5,,0,0,0,1,0,0,0
Cast a Long Shadow,1959,82,NA,5.4,23,4.5,0,4.5,14.5,34.5,4.5,14.5,4.5,0,14.5,,0,0,0,0,0,0,0
Ticket to Jerusalem,2002,85,NA,4.6,89,34.5,4.5,4.5,4.5,14.5,14.5,14.5,4.5,4.5,4.5,,0,0,0,1,0,0,0
Never Say Die,1995,96,NA,3.4,45,14.5,24.5,14.5,14.5,14.5,14.5,4.5,4.5,4.5,0,,1,0,0,1,0,0,0
Billabong,1968,9,NA,8.4,5,0,0,0,0,0,0,0,44.5,24.5,44.5,,0,0,0,0,0,0,1
My Kingdom,2001,117,NA,6.1,149,4.5,0,4.5,4.5,14.5,14.5,14.5,14.5,4.5,14.5,,0,0,0,1,0,0,0
Chubasco,1968,100,NA,5.8,29,0,4.5,4.5,4.5,14.5,24.5,24.5,4.5,4.5,14.5,,0,0,0,1,0,0,0
"Candidate, The",1972,109,NA,7.1,1505,4.5,4.5,4.5,4.5,4.5,14.5,24.5,24.5,14.5,4.5,,0,0,0,1,0,0,0
Up!,1976,80,NA,5.9,311,4.5,4.5,4.5,4.5,4.5,14.5,14.5,14.5,14.5,14.5,,0,0,1,0,0,0,0
Fuck It,2000,5,NA,3.9,13,44.5,4.5,0,0,0,0,0,0,14.5,34.5,,0,0,0,0,0,0,1
"Taxman, The",1999,104,1000000,5.7,169,4.5,4.5,4.5,4.5,14.5,14.5,14.5,14.5,4.5,14.5,R,1,0,1,0,0,0,0
Overlord,1975,85,NA,6.3,15,0,0,0,4.5,4.5,24.5,14.5,4.5,24.5,24.5,,0,0,0,1,0,0,0
Mr. B Natural,1957,29,NA,3.3,106,45.5,14.5,4.5,4.5,4.5,0,4.5,4.5,4.5,14.5,,0,0,0,0,0,0,1
Skin and Bone,1996,110,NA,5.4,40,14.5,4.5,4.5,14.5,24.5,14.5,14.5,14.5,4.5,4.5,,0,0,1,0,0,0,0
Summer School Teachers,1974,85,NA,4.2,18,14.5,4.5,4.5,14.5,24.5,4.5,4.5,4.5,4.5,14.5,,0,0,0,0,0,0,0
Northern Star,2003,82,NA,5.3,11,0,0,14.5,0,24.5,4.5,4.5,24.5,0,4.5,,0,0,0,0,0,0,0
Carnival,1946,93,NA,6.1,16,0,0,14.5,0,14.5,14.5,34.5,14.5,0,0,,0,0,0,0,0,1,0
Antilles sur Seine,2000,104,NA,4.4,56,4.5,14.5,14.5,14.5,14.5,14.5,0,4.5,0,4.5,,0,0,1,0,0,0,0
Nauchnaya sektsiya pilotov,1996,113,NA,7.1,14,0,4.5,0,4.5,0,4.5,34.5,4.5,24.5,14.5,,0,0,0,0,0,0,0
"Palm Beach Story, The",1942,88,NA,7.8,1224,4.5,4.5,4.5,4.5,4.5,4.5,14.5,24.5,24.5,24.5,,0,0,1,0,0,1,0
Born to Fight,1956,15,NA,5.8,6,0,0,14.5,0,14.5,64.5,0,0,0,0,,0,0,0,0,1,0,1
"Nightmare On Elm Street: The Dream Child, A",1989,89,6000000,4.3,2988,4.5,4.5,14.5,14.5,24.5,14.5,4.5,4.5,4.5,4.5,,0,0,1,0,0,0,0
"Rescuers, The",1977,77,NA,6.7,1917,4.5,4.5,4.5,4.5,4.5,24.5,34.5,14.5,4.5,4.5,,0,1,0,0,0,0,0
"Divorce of Lady X, The",1938,91,NA,6.8,152,4.5,4.5,4.5,4.5,14.5,14.5,24.5,24.5,14.5,14.5,,0,0,1,0,0,1,0
Cirkeline VIII - Klodsmus,1970,13,NA,6.4,7,0,0,0,0,0,74.5,0,14.5,0,14.5,,0,0,0,0,0,0,1
"Canterville Ghost, The",1944,96,NA,6.7,335,0,4.5,4.5,4.5,4.5,14.5,24.5,24.5,4.5,4.5,,0,0,1,0,0,0,0
Speedtrap,1977,113,NA,5,21,4.5,4.5,14.5,24.5,4.5,4.5,4.5,4.5,4.5,14.5,,1,0,0,1,0,0,0
Free Fall,1999,92,NA,4.7,123,4.5,14.5,14.5,14.5,14.5,14.5,14.5,4.5,4.5,4.5,,1,0,0,1,0,0,0
Spartan,2004,106,NA,6.9,5589,4.5,4.5,4.5,4.5,4.5,14.5,24.5,24.5,14.5,4.5,R,0,0,0,1,0,0,0
"Gun in His Hand, A",1945,19,NA,7.1,9,0,0,0,0,14.5,34.5,14.5,44.5,0,0,,0,0,0,1,0,0,1
Grand bonheur,1993,165,NA,5.9,14,14.5,4.5,0,14.5,24.5,0,14.5,14.5,0,14.5,,0,0,1,1,0,0,0
Underground Zero,2002,76,NA,6.2,10,0,14.5,14.5,14.5,14.5,34.5,0,24.5,14.5,0,,0,0,0,0,0,0,0
Night and the City,1992,105,NA,5.7,798,4.5,4.5,4.5,4.5,14.5,34.5,14.5,4.5,4.5,4.5,R,0,0,0,1,0,0,0
Milo-Milo,1979,103,NA,7,5,0,0,0,0,24.5,0,84.5,0,0,0,,0,0,0,0,0,0,0
"Honey, I Shrunk the Audience",1995,23,NA,7.4,347,4.5,4.5,4.5,4.5,4.5,4.5,14.5,24.5,14.5,24.5,,0,0,1,0,0,0,1
Psycho from Texas,1981,89,NA,2.8,30,14.5,14.5,14.5,4.5,14.5,4.5,0,4.5,0,34.5,,0,0,0,0,0,0,0
In Heaven,1998,102,NA,5.8,12,0,0,0,14.5,4.5,34.5,0,14.5,14.5,4.5,,0,0,0,1,0,0,0
Neighbours,1952,8,NA,8.5,99,4.5,0,4.5,0,0,4.5,4.5,24.5,14.5,44.5,,0,1,0,0,1,0,1
Dust,1985,96,NA,5.7,49,14.5,14.5,4.5,4.5,14.5,14.5,14.5,14.5,14.5,4.5,,0,0,0,1,0,0,0
Venice/Venice,1992,110,NA,5.4,83,24.5,4.5,4.5,4.5,4.5,4.5,4.5,14.5,14.5,24.5,,0,0,0,1,0,0,0
Prince,1991,75,NA,5.3,10,0,0,0,0,14.5,0,14.5,14.5,14.5,64.5,,0,0,0,0,0,0,0
Plunkett & Macleane,1999,93,NA,6.1,2887,4.5,4.5,4.5,4.5,14.5,14.5,24.5,14.5,4.5,4.5,R,1,0,0,1,0,0,0
Ladri di saponette,1989,94,NA,6.9,308,4.5,4.5,4.5,4.5,4.5,14.5,24.5,24.5,14.5,14.5,,0,0,1,0,0,0,0
"Stranger From Arizona, The",1938,54,NA,5.6,10,0,0,14.5,0,14.5,44.5,34.5,14.5,0,0,,0,0,0,0,0,0,0
Karlik nos,2003,82,NA,6,23,0,0,14.5,4.5,4.5,34.5,4.5,4.5,4.5,14.5,,0,1,0,0,0,0,0
Hardbodies 2,1986,88,NA,2.1,249,34.5,24.5,14.5,4.5,4.5,4.5,4.5,4.5,4.5,4.5,,0,0,1,0,0,0,0
"Walk in the Clouds, A",1995,102,20000000,6.2,4085,4.5,4.5,4.5,4.5,14.5,14.5,14.5,14.5,4.5,14.5,PG-13,0,0,0,1,0,1,0
To Build a Better Mousetrap,1999,2,NA,6.5,10,0,0,14.5,0,14.5,14.5,24.5,14.5,24.5,24.5,,0,1,0,0,0,0,1
Dark Breed,1996,104,NA,4.2,85,4.5,14.5,24.5,14.5,24.5,14.5,4.5,0,4.5,0,R,0,0,0,0,0,0,0
Captain January,1924,64,NA,7.2,12,4.5,0,0,0,0,14.5,24.5,24.5,14.5,4.5,,0,0,0,1,0,0,0
"Royal Four-Flusher, The",1947,7,NA,7,11,0,0,0,0,4.5,24.5,34.5,0,0,24.5,,0,1,1,0,0,0,1
Babes in Bagdad,1952,79,NA,4.7,11,4.5,0,4.5,24.5,14.5,4.5,0,14.5,4.5,0,,0,0,1,0,0,0,0
Nerolio,1996,90,NA,6.2,14,0,0,0,14.5,4.5,14.5,24.5,0,24.5,14.5,,0,0,0,1,0,0,0
Koko ni irukoto,2001,115,NA,6.3,12,0,0,4.5,0,4.5,14.5,14.5,24.5,0,24.5,,0,0,0,0,0,1,0
Unforgivable Blackness: The Rise and Fall of Jack Johnson,2004,220,NA,8.3,83,0,4.5,0,4.5,4.5,4.5,4.5,14.5,34.5,44.5,,0,0,0,0,1,0,0
Still Looking for Morphine,2001,119,NA,6.9,28,0,0,4.5,4.5,14.5,14.5,14.5,14.5,14.5,24.5,,0,0,0,1,0,0,0
Misbehavin',1979,85,NA,4.2,5,0,24.5,0,0,0,24.5,0,0,64.5,0,,0,0,0,0,0,0,0
Suspense,1946,101,NA,7,10,0,0,0,0,0,45.5,24.5,24.5,14.5,0,,0,0,0,1,0,1,0
Fall Guy,1947,64,NA,7.1,7,0,0,0,0,14.5,44.5,14.5,24.5,0,0,,0,0,0,0,0,0,0
Microscopic Liquid Subway to Oblivion,1970,85,NA,6.6,5,0,0,0,24.5,0,0,24.5,44.5,0,24.5,,0,0,0,0,0,0,0
Evensong,1934,87,NA,4.5,22,4.5,0,4.5,14.5,14.5,14.5,14.5,4.5,4.5,14.5,,0,0,0,1,0,1,0
Ballet,1995,170,NA,8.7,6,0,0,0,0,0,14.5,0,34.5,34.5,14.5,,0,0,0,0,1,0,0
"Legend of Hillbilly John, The",1974,89,NA,5,13,0,4.5,4.5,0,24.5,34.5,4.5,14.5,0,0,,0,0,0,1,0,0,0
Robot Bastard!,2002,14,NA,8.6,20,4.5,0,0,0,0,0,14.5,24.5,14.5,44.5,,1,0,1,0,0,0,1
High Steaks,1962,7,NA,2.7,25,34.5,24.5,4.5,0,4.5,14.5,0,0,4.5,14.5,,0,1,1,0,0,0,1
Dykkerne,2000,91,NA,5.6,180,4.5,4.5,4.5,4.5,14.5,24.5,14.5,4.5,4.5,4.5,,0,0,0,1,0,0,0
Hysteria,1965,85,NA,5.2,57,4.5,4.5,4.5,4.5,14.5,24.5,24.5,14.5,4.5,4.5,,0,0,0,0,0,0,0
Actrius,1997,90,NA,5.8,37,0,0,0,4.5,14.5,14.5,24.5,24.5,4.5,4.5,,0,0,0,0,0,0,0
Gimme an 'F',1984,93,NA,3.1,70,24.5,4.5,14.5,14.5,4.5,4.5,14.5,4.5,4.5,14.5,,0,0,1,0,0,0,0
Breakaway,1990,85,NA,2.5,11,34.5,4.5,0,0,14.5,0,14.5,0,0,14.5,,0,0,1,1,0,0,0
You and Your Senses of Smell and Taste,1955,8,NA,8,5,0,0,0,0,0,24.5,24.5,24.5,0,44.5,,0,1,0,0,0,0,1
Hoofs and Goofs,1957,16,NA,4.2,45,24.5,14.5,24.5,4.5,24.5,4.5,4.5,0,0,4.5,,0,0,1,0,0,0,1
My Girl Tisa,1948,95,NA,6.7,17,0,0,0,0,4.5,24.5,34.5,4.5,4.5,14.5,,0,0,0,1,0,0,0
End of the World,1977,88,NA,3,64,24.5,14.5,14.5,14.5,4.5,4.5,4.5,4.5,4.5,4.5,,0,0,0,0,0,0,0
Prahaar: The Final Attack,1991,166,NA,8,31,4.5,0,4.5,0,0,4.5,14.5,14.5,24.5,34.5,,1,0,0,1,0,0,0
Morte,2002,15,NA,8.6,5,0,0,0,0,0,0,24.5,24.5,44.5,24.5,,0,0,0,0,0,0,1
"Black Arrow, The",1948,76,NA,6.5,33,0,0,4.5,14.5,4.5,14.5,44.5,14.5,0,4.5,,0,0,0,0,0,0,0
Rancho Notorious,1952,89,NA,7,392,4.5,4.5,4.5,4.5,14.5,14.5,24.5,24.5,14.5,4.5,,0,0,0,1,0,0,0
Excited,1970,53,NA,1.7,20,45.5,14.5,0,0,14.5,0,0,0,0,24.5,,0,0,0,0,0,0,0
Pierino il fichissimo,1981,91,NA,2.3,6,45.5,0,34.5,0,14.5,0,0,0,0,0,,0,0,1,0,0,0,0
Many Happy Returns,1934,64,NA,8.6,5,0,0,0,0,0,24.5,24.5,24.5,24.5,24.5,,0,0,1,0,0,0,0
Den som frykter ulven,2004,106,NA,6.2,132,14.5,4.5,4.5,4.5,4.5,14.5,24.5,14.5,4.5,4.5,,0,0,0,0,0,0,0
Near Death,2004,95,NA,2.3,55,64.5,14.5,4.5,4.5,4.5,4.5,0,4.5,0,4.5,R,1,0,0,0,0,0,0
Zitlover,2000,11,NA,6.3,13,0,0,0,0,14.5,4.5,24.5,14.5,14.5,24.5,,0,1,1,0,0,0,1
Love Is Like That,1993,93,NA,4.9,31,4.5,0,4.5,4.5,14.5,24.5,14.5,4.5,4.5,14.5,,0,0,0,1,0,0,0
All the Brothers Were Valiant,1953,101,NA,6.2,114,4.5,4.5,4.5,4.5,14.5,24.5,34.5,14.5,4.5,4.5,,0,0,0,0,0,0,0
Allures,1961,8,NA,6.7,16,0,4.5,0,0,4.5,4.5,14.5,24.5,14.5,14.5,,0,0,0,0,0,0,1
Mer enn et bryllup,2003,50,NA,6,7,24.5,0,0,0,0,14.5,0,44.5,0,14.5,,0,0,0,0,1,0,0
Belle of Old Mexico,1950,70,NA,4.5,6,0,0,14.5,14.5,14.5,14.5,0,14.5,0,14.5,,0,0,0,0,0,0,0
Three Bewildered People in the Night,1987,92,5000,5.7,22,34.5,0,0,0,14.5,4.5,0,4.5,0,24.5,,0,0,0,1,0,0,0
Secret Friends,1991,97,NA,6.5,25,4.5,0,24.5,4.5,4.5,14.5,14.5,14.5,14.5,4.5,,0,0,0,1,0,0,0
Cookies & Stuff,1994,10,NA,6,5,0,24.5,0,0,24.5,24.5,24.5,0,0,24.5,,0,0,0,0,0,0,1
Teen-Age Strangler,1968,61,NA,2.3,76,44.5,14.5,4.5,4.5,0,4.5,4.5,4.5,0,14.5,,0,0,0,1,0,0,0
Koi wa maiorita,1997,107,NA,8,6,0,0,14.5,0,0,0,0,34.5,14.5,34.5,,0,0,1,1,0,1,0
Taboo American Style 2: The Story Continues,1985,68,NA,7.8,24,0,0,0,0,4.5,4.5,14.5,24.5,14.5,34.5,,0,0,0,0,0,0,0
Diasparagmos,1980,18,NA,4.7,6,0,0,14.5,0,14.5,0,45.5,14.5,0,0,,0,0,0,0,0,0,1
Carnosaur 2,1995,83,NA,3.2,237,24.5,14.5,14.5,4.5,4.5,4.5,4.5,4.5,4.5,14.5,,1,0,0,0,0,0,0
Rage in Heaven,1941,85,NA,5.8,53,4.5,4.5,0,4.5,24.5,14.5,14.5,24.5,4.5,4.5,,0,0,0,1,0,0,0
Gryozy,1915,37,NA,8.8,13,0,0,0,0,0,4.5,14.5,4.5,34.5,34.5,,0,0,0,1,0,0,1
Reducing,1931,77,NA,6.8,22,4.5,0,0,4.5,4.5,14.5,24.5,24.5,4.5,4.5,,0,0,1,1,0,0,0
"Embalmer, The",1996,85,50000,1.4,22,34.5,14.5,4.5,0,0,0,14.5,0,0,24.5,,0,0,0,0,0,0,0
Appointment in Tokyo,1945,56,NA,7,25,4.5,0,0,0,24.5,14.5,14.5,24.5,24.5,4.5,,0,0,0,0,1,0,0
Lettre d'amour zoulou,2004,100,NA,6.5,6,0,0,0,0,14.5,34.5,34.5,14.5,0,0,,0,0,0,1,0,0,0
"Reluctant Dragon, The",1941,72,NA,6.8,146,4.5,4.5,4.5,4.5,4.5,24.5,24.5,14.5,4.5,14.5,,0,1,1,0,0,0,0
Crime in the Streets,1956,91,NA,6.3,48,4.5,0,0,4.5,14.5,14.5,44.5,14.5,0,14.5,,0,0,0,1,0,0,0
"Fierecillos se divierten, Los",1983,90,NA,3.5,10,14.5,14.5,14.5,0,0,14.5,44.5,0,14.5,14.5,,0,0,1,0,0,0,0
"Alchemist, The",1984,86,NA,3.3,109,14.5,24.5,14.5,24.5,14.5,4.5,4.5,4.5,4.5,0,,0,0,0,0,0,0,0
TC 2000,1993,91,NA,3.3,126,24.5,14.5,4.5,4.5,14.5,4.5,4.5,4.5,4.5,14.5,,1,0,0,0,0,0,0
This Love of Ours,1945,90,2000000,5.3,21,0,0,4.5,4.5,24.5,4.5,14.5,14.5,0,14.5,,0,0,0,1,0,0,0
"Gambling, Gods and LSD",2002,180,NA,6.1,97,4.5,4.5,4.5,4.5,4.5,14.5,14.5,24.5,4.5,14.5,,0,0,0,0,1,0,0
"Best of Times, The",1986,104,NA,5.6,956,4.5,4.5,4.5,4.5,24.5,24.5,14.5,4.5,4.5,4.5,,0,0,1,1,0,0,0
Imaginary Lovers,1986,75,NA,6.1,5,64.5,0,24.5,0,0,0,24.5,0,0,0,,0,0,0,0,0,0,0
Smith!,1969,112,NA,5.8,24,4.5,0,4.5,4.5,24.5,4.5,24.5,4.5,0,24.5,,0,0,0,1,0,0,0
"Beloved, The",1970,88,NA,3.3,28,34.5,4.5,14.5,14.5,4.5,0,4.5,4.5,0,14.5,,0,0,0,1,0,0,0
Actor's and Sin,1952,82,NA,5.8,27,0,0,4.5,4.5,24.5,34.5,14.5,4.5,4.5,4.5,,0,0,1,1,0,0,0
Perils in Nude Modeling,2003,12,NA,9.4,27,0,0,0,4.5,0,0,4.5,4.5,14.5,74.5,,0,0,1,0,0,0,1
"Coup de sirocco, Le",1979,102,NA,5.5,27,4.5,0,4.5,14.5,34.5,4.5,14.5,14.5,0,0,,0,0,0,1,0,0,0
"Insomniac's Nightmare, An",2003,31,20000,7,57,4.5,4.5,0,0,4.5,4.5,4.5,24.5,14.5,44.5,,0,0,0,1,0,0,1
Goofy Goofy Gander,1950,7,NA,5.3,9,14.5,0,0,0,14.5,24.5,44.5,0,0,14.5,,0,1,0,0,0,0,1
Hardly Working,1980,91,NA,4.4,104,14.5,4.5,14.5,14.5,14.5,4.5,14.5,4.5,4.5,4.5,,0,0,1,0,0,0,0
Wilhelm Tell,1923,85,NA,7.4,5,0,0,0,0,0,24.5,24.5,44.5,24.5,0,,0,0,0,1,0,0,0
Cesta pustym lesem,1997,87,NA,8.1,17,0,0,0,0,14.5,14.5,14.5,14.5,34.5,4.5,,0,0,0,0,0,0,0
Hollywood Party,1934,70,NA,6,96,4.5,4.5,4.5,14.5,4.5,24.5,14.5,4.5,4.5,14.5,,0,0,1,0,0,0,0
Stingray,1978,100,NA,4.2,37,0,14.5,4.5,14.5,14.5,14.5,14.5,4.5,4.5,14.5,,1,0,1,0,0,0,0
Hester Street,1975,90,NA,6.4,141,4.5,4.5,0,4.5,4.5,14.5,14.5,24.5,14.5,14.5,,0,0,0,1,0,0,0
Tunnel,2000,94,NA,3,82,24.5,14.5,24.5,14.5,4.5,4.5,4.5,4.5,0,4.5,R,0,0,0,0,0,0,0
"Agony and the Ecstasy, The",1965,138,NA,6.6,689,4.5,4.5,4.5,4.5,4.5,14.5,24.5,24.5,4.5,14.5,,0,0,0,1,0,0,0
Bunny and Claude: We Rob Carrot Patches,1968,6,NA,6.3,10,0,0,14.5,0,34.5,0,14.5,44.5,0,14.5,,0,1,1,0,0,0,1
Tell England,1931,80,NA,6.2,7,24.5,0,0,0,0,44.5,14.5,0,14.5,0,,0,0,0,0,0,0,0
"Secret Policeman's Other Ball, The",1982,60,NA,6.5,211,4.5,4.5,4.5,4.5,14.5,24.5,14.5,14.5,4.5,4.5,,0,0,1,0,1,0,0
Who'll Stop the Rain,1978,126,NA,6.8,387,4.5,4.5,4.5,4.5,4.5,14.5,24.5,24.5,14.5,14.5,,1,0,0,1,0,0,0
Embrace the Darkness,1999,93,NA,2.8,88,14.5,14.5,14.5,4.5,4.5,4.5,4.5,14.5,4.5,14.5,R,0,0,0,0,0,0,0
Matrimoni,1998,94,NA,6.5,31,0,0,0,4.5,4.5,24.5,34.5,14.5,4.5,0,,0,0,1,0,0,0,0
"Fighting 69th, The",1940,90,NA,6.4,206,4.5,4.5,4.5,4.5,14.5,14.5,24.5,24.5,4.5,14.5,,0,0,0,1,0,0,0
Bure baruta,1998,102,NA,7.5,620,4.5,4.5,4.5,4.5,4.5,4.5,14.5,24.5,14.5,24.5,R,0,0,0,1,0,0,0
Porky at the Crocadero,1938,8,NA,8.2,10,0,0,14.5,0,14.5,14.5,14.5,34.5,24.5,14.5,,0,1,1,0,0,0,1
Dangle,2003,6,NA,6.4,20,0,0,0,4.5,14.5,14.5,34.5,34.5,14.5,0,,0,0,1,0,0,0,1
"Drafty, Isn't It?",1957,6,NA,6.4,17,24.5,0,0,4.5,4.5,4.5,24.5,0,14.5,14.5,,0,1,1,0,0,0,1
Privileged,1982,96,NA,5.8,26,14.5,4.5,4.5,14.5,4.5,4.5,4.5,4.5,14.5,24.5,,0,0,1,1,0,0,0
"Tumbas, Las",1991,90,NA,4.7,11,4.5,0,4.5,4.5,14.5,4.5,14.5,0,4.5,14.5,,0,0,0,1,0,0,0
Ran,1985,160,11500000,8.4,11981,4.5,4.5,4.5,4.5,4.5,4.5,4.5,14.5,24.5,34.5,,1,0,0,1,0,0,0
Henna,1991,180,NA,7.2,16,0,0,4.5,0,14.5,4.5,14.5,24.5,0,34.5,,0,0,0,1,0,1,0
"Hunter, The",1980,97,8000000,5.8,559,4.5,4.5,4.5,4.5,14.5,24.5,24.5,14.5,4.5,4.5,,1,0,0,0,0,0,0
Lookin' to Get Out,1982,105,17000000,3.6,83,4.5,14.5,14.5,4.5,24.5,4.5,4.5,4.5,4.5,14.5,,0,0,1,0,0,0,0
Club de rencontres,1987,102,NA,4.3,15,0,14.5,14.5,24.5,4.5,24.5,4.5,4.5,0,14.5,,0,0,1,0,0,0,0
Men of Arnhem,1946,82,NA,6.4,20,0,0,0,0,4.5,14.5,34.5,14.5,14.5,24.5,,0,0,0,0,1,0,0
"Ghost Ship, The",1943,69,NA,6.5,163,0,0,4.5,4.5,14.5,14.5,24.5,24.5,4.5,4.5,,0,0,0,1,0,0,0
Serial Metaphysics,1972,20,NA,5.2,8,45.5,0,0,0,0,0,0,14.5,0,34.5,,0,0,0,0,0,0,1
His and Hers,1997,82,NA,4.6,39,14.5,0,14.5,4.5,14.5,4.5,14.5,14.5,14.5,14.5,,0,0,1,0,0,0,0
So Sad About Gloria,1975,90,NA,5.1,14,4.5,0,4.5,14.5,24.5,4.5,4.5,0,0,24.5,,0,0,0,0,0,0,0
"Abominable Dr. Phibes, The",1971,94,NA,6.7,1547,4.5,4.5,4.5,4.5,4.5,14.5,24.5,24.5,4.5,14.5,PG-13,0,0,0,0,0,0,0
Stray Dogs,2004,93,NA,7.3,27,4.5,0,0,0,14.5,4.5,34.5,4.5,4.5,24.5,,0,0,0,1,0,0,0
Black Kites,1996,26,NA,5.8,10,0,14.5,0,0,34.5,0,0,0,34.5,34.5,,0,0,0,0,0,0,1
Night of the Ghouls,1959,69,NA,2.8,225,34.5,14.5,4.5,4.5,4.5,4.5,4.5,4.5,4.5,14.5,,0,0,0,0,0,0,0
Gates of Heaven,1978,85,NA,7.5,546,4.5,4.5,4.5,4.5,4.5,14.5,14.5,14.5,14.5,34.5,,0,0,0,0,1,0,0
Noche de bodas,2000,4,NA,6.6,10,0,24.5,0,0,0,24.5,34.5,14.5,14.5,14.5,,0,0,0,0,0,0,1
"Phantom, The",1996,100,45000000,5,3329,4.5,4.5,4.5,14.5,14.5,14.5,14.5,4.5,4.5,4.5,PG,1,0,0,0,0,0,0
War Photographer,2001,96,NA,7.7,344,0,4.5,0,4.5,4.5,4.5,14.5,24.5,34.5,24.5,,0,0,0,0,1,0,0
Crippled Masters,1981,90,NA,5,163,14.5,4.5,4.5,4.5,14.5,4.5,14.5,4.5,4.5,24.5,,1,0,0,1,0,0,0
Final Rinse,1999,92,NA,3.1,19,14.5,14.5,24.5,0,0,4.5,14.5,0,14.5,24.5,,0,0,0,0,0,0,0
Friendship's Death,1987,78,NA,7.5,20,0,0,0,0,0,14.5,14.5,34.5,34.5,4.5,,0,0,0,0,0,0,0
What Where,2000,13,NA,7.6,27,0,0,0,4.5,4.5,4.5,24.5,24.5,4.5,24.5,,0,0,0,1,0,0,1
Dark Star,1991,87,NA,5,34,4.5,4.5,4.5,4.5,0,4.5,4.5,24.5,24.5,24.5,,0,0,1,0,0,0,0
"Pagador de Promessas, O",1962,95,NA,8.7,182,4.5,4.5,4.5,0,4.5,4.5,4.5,4.5,14.5,64.5,,0,0,0,1,0,0,0
"Goldbrick, The",1943,3,NA,6.4,7,0,0,0,0,14.5,14.5,0,24.5,0,44.5,,0,1,0,0,0,0,1
"Delicate Delinquent, The",1957,101,460000,5.9,161,4.5,4.5,4.5,4.5,14.5,24.5,14.5,14.5,4.5,4.5,,0,0,1,0,0,0,0
St. Pauli Report,1971,92,NA,2.1,6,45.5,0,14.5,0,0,14.5,0,0,0,14.5,,0,0,0,0,0,0,0
Express: Aisle to Glory,1998,12,NA,7.7,38,0,4.5,0,0,4.5,4.5,4.5,4.5,4.5,64.5,,0,0,1,0,0,0,1
Love Stinks,1999,94,4000000,5.3,1311,4.5,4.5,4.5,4.5,14.5,14.5,14.5,14.5,4.5,14.5,R,0,0,1,0,0,0,0
Up 'n' Under,1998,99,1000000,5.2,262,4.5,4.5,4.5,4.5,14.5,24.5,14.5,4.5,4.5,4.5,,0,0,1,0,0,0,0
"Kapital, czyli jak zrobic pieniadze w Polsce",1989,105,NA,6.6,5,0,0,0,0,0,64.5,44.5,0,0,0,,0,0,1,0,0,0,0
Caged - Le prede umane,1992,87,NA,5.2,29,4.5,0,4.5,14.5,4.5,24.5,24.5,14.5,4.5,4.5,,1,0,0,1,0,0,0
Idiot Box,1996,83,NA,6,229,4.5,4.5,4.5,4.5,4.5,4.5,14.5,14.5,14.5,14.5,,0,0,0,0,0,0,0
Solaris,2002,99,47000000,6.3,11808,4.5,4.5,4.5,4.5,4.5,14.5,14.5,14.5,14.5,4.5,PG-13,0,0,0,1,0,1,0
Santa Claus,1959,94,NA,2,276,45.5,14.5,4.5,4.5,4.5,4.5,4.5,4.5,4.5,4.5,,0,0,0,0,0,0,0
Tacones lejanos,1991,112,NA,7.1,1506,4.5,4.5,4.5,4.5,4.5,14.5,24.5,24.5,14.5,14.5,,0,0,0,1,0,0,0
Pathos - segreta inquietudine,1988,89,NA,3.5,16,14.5,0,24.5,4.5,4.5,14.5,4.5,4.5,4.5,4.5,,0,0,0,0,0,0,0
Donor Party,1993,4,NA,3.4,7,14.5,0,24.5,14.5,14.5,14.5,0,0,0,14.5,,0,1,0,0,0,0,1
"White Lions, The",1981,79,NA,4.2,16,14.5,0,0,24.5,14.5,14.5,0,14.5,0,14.5,,0,0,0,1,0,0,0
Anatahan,1954,94,NA,7.2,58,0,0,4.5,4.5,4.5,14.5,4.5,24.5,4.5,34.5,,0,0,0,1,0,0,0
Lucky Jordan,1942,84,NA,6.7,24,4.5,0,0,0,14.5,14.5,24.5,14.5,14.5,14.5,,0,0,1,1,0,0,0
"Alamo, The",2004,137,95000000,5.9,3060,4.5,4.5,4.5,4.5,14.5,24.5,14.5,14.5,4.5,4.5,PG-13,1,0,0,1,0,0,0
Samson og Sally,1984,63,NA,7.4,64,4.5,0,0,4.5,0,4.5,24.5,24.5,14.5,24.5,,0,0,0,0,0,0,0
"Afrodite, dea dell'amore",1958,86,NA,5,11,0,0,4.5,14.5,0,34.5,0,4.5,0,24.5,,0,0,0,1,0,0,0
Praise,1998,98,NA,7,217,4.5,4.5,4.5,4.5,4.5,14.5,24.5,14.5,24.5,4.5,,0,0,0,1,0,0,0
Across the Atlantic,2003,54,NA,7.3,12,0,0,0,0,0,4.5,45.5,44.5,0,0,,0,0,0,0,1,0,0
"Frontier Flirtation; or, How the Tenderfoot Won Out, A",1903,1,NA,4.7,13,0,0,34.5,0,4.5,34.5,24.5,0,0,0,,0,0,1,0,0,0,1
Celuloza,1954,120,NA,6.8,5,0,0,0,0,44.5,0,24.5,0,0,44.5,,0,0,0,0,0,0,0
Vidheyan,1994,112,NA,4.6,13,14.5,0,0,4.5,0,4.5,0,14.5,14.5,34.5,,0,0,0,1,0,0,0
"Pacco, doppio pacco e contropaccotto",1993,118,NA,7.5,12,0,0,0,4.5,4.5,4.5,4.5,45.5,0,4.5,,0,0,0,0,0,0,0
Little Rural Riding Hood,1949,6,NA,7.7,65,4.5,0,4.5,0,4.5,4.5,14.5,24.5,14.5,34.5,,0,1,1,0,0,0,1
"Vie continue, La",1981,93,NA,6.1,11,0,4.5,0,14.5,14.5,4.5,4.5,14.5,4.5,4.5,,0,0,0,1,0,0,0
Eat the Peach,1986,90,NA,5.2,72,4.5,4.5,4.5,4.5,14.5,14.5,14.5,14.5,4.5,14.5,,0,0,1,0,0,0,0
Aldous Huxley: The Gravity of Light,1996,70,NA,4.9,16,0,0,14.5,4.5,14.5,24.5,4.5,0,4.5,24.5,,0,0,0,0,1,0,0
Ghosts of the Abyss,2003,43,13000000,6.6,664,4.5,4.5,4.5,4.5,4.5,14.5,24.5,24.5,4.5,14.5,PG,0,0,0,0,1,0,0
Hodja fra Pjort,1985,76,NA,5.2,34,14.5,0,4.5,24.5,14.5,14.5,4.5,4.5,4.5,4.5,,0,0,0,0,0,0,0
"Heartbreak Kid, The",1972,106,NA,6.5,389,4.5,4.5,4.5,4.5,4.5,14.5,14.5,24.5,4.5,14.5,,0,0,1,0,0,1,0
"Albatros, L'",1971,92,NA,6.2,11,4.5,0,4.5,4.5,14.5,0,24.5,14.5,0,4.5,,0,0,0,0,0,0,0
Franco: ese hombre,1964,103,NA,1.8,18,45.5,0,14.5,0,4.5,0,0,0,14.5,14.5,,0,0,0,0,1,0,0
Convict 13,1920,20,NA,7.4,166,0,0,4.5,4.5,4.5,14.5,34.5,24.5,14.5,4.5,,0,0,1,0,0,0,1
Mathe paidi mou grammata,1981,96,NA,8.4,55,4.5,0,0,4.5,4.5,4.5,14.5,4.5,14.5,45.5,,0,0,1,1,0,0,0
Last Woman on Earth,1960,71,NA,4.2,115,4.5,4.5,14.5,14.5,14.5,14.5,14.5,4.5,4.5,14.5,,0,0,0,0,0,0,0
Doc Hollywood,1991,104,NA,5.8,6398,4.5,4.5,4.5,4.5,14.5,24.5,24.5,4.5,4.5,4.5,,0,0,1,0,0,1,0
"Me, Natalie",1969,111,NA,6.2,133,4.5,4.5,4.5,4.5,4.5,4.5,4.5,14.5,14.5,34.5,,0,0,1,1,0,0,0
Frontier Marshal,1939,71,NA,6.7,26,0,4.5,4.5,0,4.5,14.5,34.5,24.5,4.5,4.5,,0,0,0,0,0,0,0
"Beast of the City, The",1932,86,230000,7.3,112,4.5,4.5,4.5,4.5,4.5,4.5,34.5,34.5,14.5,4.5,,0,0,0,1,0,0,0
Moonshine Mountain,1964,90,45000,1.8,20,44.5,0,4.5,4.5,0,14.5,4.5,4.5,0,34.5,,0,0,1,1,0,0,0
"Doolins of Oklahoma, The",1949,90,NA,6.1,28,0,0,4.5,4.5,24.5,14.5,24.5,14.5,0,4.5,,0,0,0,0,0,0,0
Bokseri idu u raj,1967,88,NA,8.4,5,0,0,0,0,0,0,0,44.5,44.5,24.5,,0,0,1,0,0,0,0
40 Days of Musa Dagh,1982,143,NA,7.5,16,14.5,0,4.5,0,0,0,14.5,0,14.5,45.5,,0,0,0,1,0,0,0
Tortilla Flaps,1958,6,NA,6.6,12,0,0,0,14.5,0,14.5,24.5,14.5,4.5,14.5,,0,1,1,0,0,0,1
Flesh and the Spur,1957,78,NA,5.7,10,14.5,0,0,44.5,0,24.5,24.5,0,0,14.5,,0,0,0,0,0,0,0
Jungle Drums,1943,8,NA,6.4,44,4.5,4.5,4.5,0,4.5,24.5,24.5,14.5,14.5,4.5,,0,1,0,0,0,0,1
Tarantula,1955,80,NA,6.3,769,4.5,4.5,4.5,4.5,14.5,14.5,24.5,14.5,4.5,4.5,,0,0,0,0,0,0,0
I Was Framed,1942,61,NA,4.6,10,0,0,24.5,14.5,64.5,14.5,0,0,0,0,,0,0,0,1,0,0,0
Tokyo Mafia: Battle for Shinjuku,1996,85,NA,5.3,8,14.5,0,14.5,0,0,14.5,24.5,14.5,0,24.5,,0,0,0,0,0,0,0
Nate and Hayes,1983,99,NA,5.8,304,4.5,4.5,4.5,4.5,14.5,14.5,14.5,14.5,4.5,14.5,,0,0,0,0,0,0,0
Hoop Dreams,1994,170,700000,7.9,4668,4.5,4.5,4.5,4.5,4.5,4.5,14.5,24.5,24.5,24.5,,0,0,0,0,1,0,0
"Beaver Trilogy, The",2001,83,NA,7.1,73,4.5,4.5,4.5,4.5,4.5,4.5,14.5,4.5,4.5,34.5,,0,0,1,0,1,0,0
Mr. Nanny,1993,84,NA,3,1607,34.5,14.5,14.5,14.5,4.5,4.5,4.5,4.5,4.5,4.5,,0,0,1,0,0,0,0
Traveling Saleslady,1935,65,NA,6,13,0,0,0,0,14.5,24.5,34.5,14.5,0,4.5,,0,0,1,0,0,0,0
Shankarabharanam,1979,143,NA,4.4,33,4.5,0,0,0,0,0,4.5,4.5,14.5,64.5,,0,0,0,1,0,0,0
Alien Blood,1999,80,NA,3,60,34.5,14.5,14.5,4.5,4.5,4.5,4.5,4.5,4.5,14.5,,0,0,0,0,0,0,0
"Tiger Woman, The",1944,196,NA,7.2,23,0,0,0,4.5,0,14.5,14.5,4.5,34.5,14.5,,0,0,0,0,0,0,0
Speaking of Sex,2001,97,NA,6,424,4.5,4.5,4.5,14.5,24.5,14.5,14.5,4.5,4.5,14.5,,0,0,1,0,0,1,0
Royal Cat Nap,1958,7,NA,5.8,26,0,4.5,4.5,0,4.5,24.5,34.5,4.5,0,4.5,,0,1,1,0,0,0,1
Late Breaking News,2004,86,NA,9,9,0,0,0,0,0,0,0,24.5,45.5,24.5,,0,0,0,0,1,0,0
Helden in Tirol,1998,108,NA,5.6,75,4.5,4.5,4.5,4.5,4.5,14.5,4.5,14.5,14.5,34.5,,0,0,1,0,0,0,0
Hair Show,2004,105,NA,2.6,33,34.5,4.5,4.5,4.5,0,0,4.5,14.5,4.5,34.5,PG-13,0,0,1,0,0,1,0
Mo him wong,1996,87,NA,5.8,237,4.5,4.5,4.5,4.5,4.5,24.5,24.5,14.5,4.5,4.5,,1,0,0,0,0,0,0
"Jueves, milagro, Los",1957,85,NA,7.2,66,0,4.5,0,4.5,4.5,14.5,24.5,24.5,14.5,14.5,,0,0,1,0,0,0,0
Asignatura aprobada,1987,94,NA,4,21,24.5,4.5,4.5,4.5,4.5,4.5,4.5,4.5,14.5,4.5,,0,0,0,0,0,0,0
Hothouse Rose II,1992,86,NA,8,9,0,0,14.5,14.5,14.5,0,24.5,0,24.5,24.5,,0,0,0,0,0,0,0
Triti kai 13,1963,95,NA,7.3,6,0,0,0,14.5,0,34.5,14.5,0,14.5,14.5,,0,0,1,0,0,0,0
"Chinese Ring, The",1947,68,NA,5.8,18,0,4.5,0,14.5,24.5,14.5,14.5,0,4.5,24.5,,0,0,0,1,0,0,0
Benjamin Smoke,2000,72,NA,5.7,62,4.5,4.5,0,4.5,4.5,4.5,14.5,24.5,14.5,24.5,,0,0,0,0,1,0,0
Ek Din Pratidin,1979,95,NA,9,9,0,0,0,0,0,0,24.5,14.5,14.5,45.5,,0,0,0,0,0,0,0
Chemmeen,1965,140,NA,6.4,19,0,0,4.5,0,0,14.5,0,24.5,4.5,45.5,,0,0,0,0,0,0,0
Private Lives,1931,84,NA,6.8,134,4.5,4.5,4.5,4.5,4.5,14.5,24.5,24.5,14.5,14.5,,0,0,1,1,0,0,0
Umi wa miteita,2002,119,NA,6.8,254,4.5,0,4.5,4.5,4.5,14.5,24.5,24.5,14.5,14.5,R,0,0,0,1,0,1,0
Avatars,2001,5,20000,3.3,7,14.5,14.5,0,0,0,14.5,0,24.5,0,24.5,,1,0,0,0,0,0,1
Eroica,1957,87,NA,7.4,48,0,0,4.5,4.5,4.5,4.5,14.5,24.5,14.5,24.5,,0,0,1,1,0,0,0
"Desert Rats, The",1953,88,NA,6.8,387,0,4.5,4.5,4.5,4.5,24.5,44.5,14.5,4.5,4.5,,0,0,0,1,0,0,0
"Instante en la vida ajena, Un",2003,80,NA,6.1,8,0,0,0,0,14.5,14.5,24.5,14.5,24.5,14.5,,0,0,0,0,1,0,0
"Woman of Experience, A",1931,74,NA,6.3,17,0,0,4.5,4.5,24.5,4.5,24.5,4.5,4.5,14.5,,0,0,0,1,0,0,0
